,type,text,logit_value,pred_value,logit_score,pred_score,label_name
0,本文,この話が私の夢か私の一時的狂気の幻でなかったならば、あの押絵と旅をしていた男こそ狂人であったに相違ない。,0.43593645095825195,0.43726131319999695,0.0,0.0,NEUTRAL
1,本文,だが、夢が時として、どこかこの世界と喰違った別の世界を、チラリと覗かせてくれる様に、又狂人が、我々の全く感じ得ぬ物事を見たり聞いたりすると同じに、これは私が、不可思議な大気のレンズ仕掛けを通して、一刹那、この世の視野の外にある、別の世界の一隅を、ふと隙見したのであったかも知れない。,0.9640323519706726,0.5231596231460571,0.0,0.0,NEUTRAL
2,本文,いつとも知れぬ、ある暖かい薄曇った日のことである。,0.5389061570167542,0.5015358924865723,0.0,0.0,NEUTRAL
3,本文,その時、私は態々魚津へ蜃気楼を見に出掛けた帰り途であった。,0.6818181872367859,0.5413568615913391,0.0,0.0,NEUTRAL
4,本文,私がこの話をすると、時々、お前は魚津なんかへ行ったことはないじゃないかと、親しい友達に突っ込まれることがある。,1.094632625579834,0.5828073620796204,1.094632625579834,0.5828073620796204,POSITIVE
5,本文,そう云われて見ると、私は何時の何日に魚津へ行ったのだと、ハッキリ証拠を示すことが出来ぬ。,1.0280858278274536,0.5672078132629395,-1.0280858278274536,-0.5672078132629395,NEGATIVE
6,本文,それではやっぱり夢であったのか。,1.3149900436401367,0.7607405185699463,0.0,0.0,NEUTRAL
7,本文,だが私は嘗て、あのように濃厚な色彩を持った夢を見たことがない。,1.0719149112701416,0.6581105589866638,0.0,0.0,NEUTRAL
8,本文,夢の中の景色は、映画と同じに、全く色彩を伴わぬものであるのに、あの折の汽車の中の景色丈けは、それもあの毒々しい押絵の画面が中心になって、紫と臙脂の勝た色彩で、まるで蛇の眼の瞳孔の様に、生々しく私の記憶に焼ついている。,1.7438719272613525,0.8542720675468445,1.7438719272613525,0.8542720675468445,POSITIVE
9,本文,着色映画の夢というものがあるのであろうか。,1.0787588357925415,0.636152982711792,0.0,0.0,NEUTRAL
10,本文,私はその時、生れて初めて蜃気楼というものを見た。,0.7589921355247498,0.5196397304534912,0.7589921355247498,0.5196397304534912,POSITIVE
11,本文,蛤の息の中に美しい龍宮城の浮んでいる、あの古風な絵を想像していた私は、本物の蜃気楼を見て、膏汗のにじむ様な、恐怖に近い驚きに撃たれた。,1.6243075132369995,0.8470588326454163,1.6243075132369995,0.8470588326454163,POSITIVE
12,本文,魚津の浜の松並木に豆粒の様な人間がウジャウジャと集まって、息を殺して、眼界一杯の大空と海面とを眺めていた。,1.4702509641647339,0.7589433789253235,1.4702509641647339,0.7589433789253235,POSITIVE
13,本文,私はあんな静かな、唖の様にだまっている海を見たことがない。,0.6312756538391113,0.5217580795288086,0.6312756538391113,0.5217580795288086,POSITIVE
14,本文,日本海は荒海と思い込んでいた私には、それもひどく意外であった。,0.8793302178382874,0.6031021475791931,0.0,0.0,NEUTRAL
15,本文,その海は、灰色で、全く小波一つなく、無限の彼方にまで打続く沼かと思われた。,0.24949254095554352,0.40671950578689575,0.24949254095554352,0.40671950578689575,POSITIVE
16,本文,そして、太平洋の海の様に、水平線はなくて、海と空とは、同じ灰色に溶け合い、厚さの知れぬ靄に覆いつくされた感じであった。,0.5574747920036316,0.5142556428909302,0.0,0.0,NEUTRAL
17,本文,空だとばかり思っていた、上部の靄の中を、案外にもそこが海面であって、フワフワと幽霊の様な、大きな白帆が滑って行ったりした。,0.9000841975212097,0.6312304139137268,0.0,0.0,NEUTRAL
18,本文,蜃気楼とは、乳色のフィルムの表面に墨汁をたらして、それが自然にジワジワとにじんで行くのを、途方もなく巨大な映画にして、大空に映し出した様なものであった。,0.35156458616256714,0.4363393783569336,0.35156458616256714,0.4363393783569336,POSITIVE
19,本文,遙かな能登半島の森林が、喰違った大気の変形レンズを通して、すぐ目の前の大空に、焦点のよく合わぬ顕微鏡の下の黒い虫みたいに、曖昧に、しかも馬鹿馬鹿しく拡大されて、見る者の頭上におしかぶさって来るのであった。,0.2576517164707184,0.40037402510643005,0.0,0.0,NEUTRAL
20,本文,それは、妙な形の黒雲と似ていたけれど、黒雲なればその所在がハッキリ分っているに反し、蜃気楼は、不思議にも、それと見る者との距離が非常に曖昧なのだ。,1.6574159860610962,0.8004670143127441,0.0,0.0,NEUTRAL
21,本文,遠くの海上に漂う大入道の様でもあり、ともすれば、眼前一尺に迫る異形の靄かと見え、はては、見る者の角膜の表面に、ポッツリと浮んだ、一点の曇りの様にさえ感じられた。,0.8743897080421448,0.5812916159629822,0.0,0.0,NEUTRAL
22,本文,この距離の曖昧さが、蜃気楼に、想像以上の不気味な気違いめいた感じを与えるのだ。,0.6423167586326599,0.5325932502746582,0.0,0.0,NEUTRAL
23,本文,曖昧な形の、真黒な巨大な三角形が、塔の様に積重なって行ったり、またたく間にくずれたり、横に延びて長い汽車の様に走ったり、それが幾つかにくずれ、立並ぶ檜の梢と見えたり、じっと動かぬ様でいながら、いつとはなく、全く違った形に化けて行った。,1.213212251663208,0.5986780524253845,-1.213212251663208,-0.5986780524253845,NEGATIVE
24,本文,蜃気楼の魔力が、人間を気違いにするものであったなら、恐らく私は、少くとも帰り途の汽車の中までは、その魔力を逃れることが出来なかったのであろう。,0.622887372970581,0.4595029056072235,0.622887372970581,0.4595029056072235,POSITIVE
25,本文,二時間の余も立ち尽して、大空の妖異を眺めていた私は、その夕方魚津を立って、汽車の中に一夜を過ごすまで、全く日常と異った気持でいたことは確である。,1.7189255952835083,0.8144125938415527,1.7189255952835083,0.8144125938415527,POSITIVE
26,本文,若しかしたら、それは通り魔の様に、人間の心をかすめ冒す所の、一時的狂気の類ででもあったであろうか。,0.5812289118766785,0.505244791507721,0.0,0.0,NEUTRAL
27,本文,魚津の駅から上野への汽車に乗ったのは、夕方の六時頃であった。,0.8094196915626526,0.5998895168304443,0.0,0.0,NEUTRAL
28,本文,不思議な偶然であろうか、あの辺の汽車はいつでもそうなのか、私の乗った二等車は、教会堂の様にガランとしていて、私の外にたった一人の先客が、向うの隅のクッションに蹲っているばかりであった。,0.7964523434638977,0.5811501145362854,0.0,0.0,NEUTRAL
29,本文,汽車は淋しい海岸の、けわしい崕や砂浜の上を、単調な機械の音を響かせて、際しもなく走っている。,1.4250320196151733,0.7418991327285767,1.4250320196151733,0.7418991327285767,POSITIVE
30,本文,沼の様な海上の、靄の奥深く、黒血の色の夕焼が、ボンヤリと感じられた。,0.6758857369422913,0.5370529294013977,0.0,0.0,NEUTRAL
31,本文,異様に大きく見える白帆が、その中を、夢の様に滑っていた。,0.7585335969924927,0.5967778563499451,0.0,0.0,NEUTRAL
32,本文,少しも風のない、むしむしする日であったから、所々開かれた汽車の窓から、進行につれて忍び込むそよ風も、幽霊の様に尻切れとんぼであった。,0.3172093629837036,0.41934138536453247,0.0,0.0,NEUTRAL
33,本文,沢山の短いトンネルと雪除けの柱の列が、広漠たる灰色の空と海とを、縞目に区切って通り過ぎた。,0.8698840141296387,0.6057961583137512,0.8698840141296387,0.6057961583137512,POSITIVE
34,本文,親不知の断崖を通過する頃、車内の電燈と空の明るさとが同じに感じられた程、夕闇が迫って来た。,0.38599687814712524,0.4247036576271057,0.0,0.0,NEUTRAL
35,本文,丁度その時分向うの隅のたった一人の同乗者が、突然立上って、クッションの上に大きな黒繻子の風呂敷を広げ、窓に立てかけてあった、二尺に三尺程の、扁平な荷物を、その中へ包み始めた。,0.6135945916175842,0.5233861804008484,0.0,0.0,NEUTRAL
36,本文,それが私に何とやら奇妙な感じを与えたのである。,0.6504142880439758,0.5443874001502991,0.0,0.0,NEUTRAL
37,本文,その扁平なものは、多分額に相違ないのだが、それの表側の方を、何か特別の意味でもあるらしく、窓ガラスに向けて立てかけてあった。,1.4937087297439575,0.7862930297851562,0.0,0.0,NEUTRAL
38,本文,一度風呂敷に包んであったものを、態々取出して、そんな風に外に向けて立てかけたものとしか考えられなかった。,1.153073787689209,0.6164577007293701,0.0,0.0,NEUTRAL
39,本文,それに、彼が再び包む時にチラと見た所によると、額の表面に描かれた極彩色の絵が、妙に生々しく、何となく世の常ならず見えたことであった。,1.0271048545837402,0.5947003960609436,1.0271048545837402,0.5947003960609436,POSITIVE
40,本文,私は更めて、この変てこな荷物の持主を観察した。,0.7630524635314941,0.5601326823234558,0.0,0.0,NEUTRAL
41,本文,そして、持主その人が、荷物の異様さにもまして、一段と異様であったことに驚かされた。,1.4306926727294922,0.6530530452728271,1.4306926727294922,0.6530530452728271,POSITIVE
42,本文,彼は非常に古風な、我々の父親の若い時分の色あせた写真でしか見ることの出来ない様な、襟の狭い、肩のすぼけた、黒の背広服を着ていたが、併しそれが、背が高くて、足の長い彼に、妙にシックリと合って、甚だ意気にさえ見えたのである。,1.2378617525100708,0.6593976020812988,1.2378617525100708,0.6593976020812988,POSITIVE
43,本文,顔は細面で、両眼が少しギラギラし過ぎていた外は、一体によく整っていて、スマートな感じであった。,1.5902944803237915,0.614608883857727,1.5902944803237915,0.614608883857727,POSITIVE
44,本文,そして、綺麗に分けた頭髪が、豊に黒々と光っているので、一見四十前後であったが、よく注意して見ると、顔中に夥しい皺があって、一飛びに六十位にも見えぬことはなかった。,1.0456151962280273,0.5503070950508118,1.0456151962280273,0.5503070950508118,POSITIVE
45,本文,この黒々とした頭髪と、色白の顔面を縦横にきざんだ皺との対照が、初めてそれに気附いた時、私をハッとさせた程も、非常に不気味な感じを与えた。,0.14684471487998962,0.3749034106731415,0.14684471487998962,0.3749034106731415,POSITIVE
46,本文,彼は叮嚀に荷物を包み終ると、ひょいと私の方に顔を向けたが、丁度私の方でも熱心に相手の動作を眺めていた時であったから、二人の視線がガッチリとぶっつかってしまった。,1.0802744626998901,0.7042085528373718,0.0,0.0,NEUTRAL
47,本文,すると、彼は何か恥かし相に唇の隅を曲げて、幽かに笑って見せるのであった。,0.6401958465576172,0.4747714698314667,0.6401958465576172,0.4747714698314667,POSITIVE
48,本文,私も思わず首を動かして挨拶を返した。,-0.00720550213009119,0.3415549695491791,-0.00720550213009119,0.3415549695491791,POSITIVE
49,本文,それから、小駅を二三通過する間、私達はお互の隅に坐ったまま、遠くから、時々視線をまじえては、気まずく外方を向くことを、繰返していた。,0.9404416680335999,0.5898627638816833,0.0,0.0,NEUTRAL
50,本文,外は全く暗闇になっていた。,1.0390136241912842,0.6234872341156006,-1.0390136241912842,-0.6234872341156006,NEGATIVE
51,本文,窓ガラスに顔を押しつけて覗いて見ても、時たま沖の漁船の舷燈が遠く遠くポッツリと浮んでいる外には、全く何の光りもなかった。,0.7409454584121704,0.5729689598083496,-0.7409454584121704,-0.5729689598083496,NEGATIVE
52,本文,際涯のない暗闇の中に、私達の細長い車室丈けが、たった一つの世界の様に、いつまでもいつまでも、ガタンガタンと動いて行った。,1.0211681127548218,0.6606150269508362,1.0211681127548218,0.6606150269508362,POSITIVE
53,本文,そのほの暗い車室の中に、私達二人丈けを取り残して、全世界が、あらゆる生き物が、跡方もなく消え失せてしまった感じであった。,1.2464470863342285,0.7495720982551575,1.2464470863342285,0.7495720982551575,POSITIVE
54,本文,私達の二等車には、どの駅からも一人の乗客もなかったし、列車ボーイや車掌も一度も姿を見せなかった。,0.28421202301979065,0.38030552864074707,0.0,0.0,NEUTRAL
55,本文,そういう事も今になって考えて見ると、甚だ奇怪に感じられるのである。,0.7410663962364197,0.5690594911575317,0.0,0.0,NEUTRAL
56,本文,私は、四十歳にも六十歳にも見える、西洋の魔術師の様な風采のその男が、段々怖くなって来た。,0.9597183465957642,0.5458514094352722,0.0,0.0,NEUTRAL
57,本文,怖さというものは、外にまぎれる事柄のない場合には、無限に大きく、身体中一杯に拡がって行くものである。,0.8551474809646606,0.49336400628089905,0.8551474809646606,0.49336400628089905,POSITIVE
58,本文,私は遂には、産毛の先までも怖さが満ちて、たまらなくなって、突然立上ると、向うの隅のその男の方へツカツカと歩いて行った。,0.4423476457595825,0.4436405301094055,0.0,0.0,NEUTRAL
59,本文,その男がいとわしく、恐ろしければこそ、私はその男に近づいて行ったのであった。,1.5632168054580688,0.7412369251251221,1.5632168054580688,0.7412369251251221,POSITIVE
60,本文,私は彼と向き合ったクッションへ、そっと腰をおろし、近寄れば一層異様に見える彼の皺だらけの白い顔を、私自身が妖怪ででもある様な、一種不可思議な、顛倒した気持で、目を細く息を殺してじっと覗き込んだものである。,1.3359354734420776,0.7716872692108154,1.3359354734420776,0.7716872692108154,POSITIVE
61,本文,男は、私が自分の席を立った時から、ずっと目で私を迎える様にしていたが、そうして私が彼の顔を覗き込むと、待ち受けていた様に、顎で傍らの例の扁平な荷物を指し示し、何の前置きもなく、さもそれが当然の挨拶ででもある様に、,1.5668152570724487,0.75162672996521,1.5668152570724487,0.75162672996521,POSITIVE
62,本文,「これでございますか」,0.7932053208351135,0.4872160851955414,-0.7932053208351135,-0.4872160851955414,NEGATIVE
63,本文,と云った。,1.180197834968567,0.671254575252533,0.0,0.0,NEUTRAL
64,本文,その口調が、余り当り前であったので、私は却て、ギョッとした程であった。,0.951518714427948,0.5355103015899658,0.951518714427948,0.5355103015899658,POSITIVE
65,本文,「これが御覧になりたいのでございましょう」,1.5665404796600342,0.7781416177749634,1.5665404796600342,0.7781416177749634,POSITIVE
66,本文,私が黙っているので、彼はもう一度同じことを繰返した。,0.635646402835846,0.5234051942825317,0.0,0.0,NEUTRAL
67,本文,「見せて下さいますか」,1.3539563417434692,0.6529144644737244,-1.3539563417434692,-0.6529144644737244,NEGATIVE
68,本文,私は相手の調子に引込まれて、つい変なことを云ってしまった。,1.1223602294921875,0.7281473875045776,0.0,0.0,NEUTRAL
69,本文,私は決してその荷物を見たい為に席を立った訳ではなかったのだけれど。,0.9804320335388184,0.6305691599845886,0.0,0.0,NEUTRAL
70,本文,「喜んで御見せ致しますよ。,1.8546959161758423,0.7983353137969971,1.8546959161758423,0.7983353137969971,POSITIVE
71,本文,わたくしは、さっきから考えていたのでございますよ。,1.0842846632003784,0.6457700729370117,0.0,0.0,NEUTRAL
72,本文,あなたはきっとこれを見にお出でなさるだろうとね」,1.4139318466186523,0.714564323425293,1.4139318466186523,0.714564323425293,POSITIVE
73,本文,男は――寧ろ老人と云った方がふさわしいのだが――そう云いながら、長い指で、器用に大風呂敷をほどいて、その額みたいなものを、今度は表を向けて、窓の所へ立てかけたのである。,1.0930789709091187,0.6856179237365723,0.0,0.0,NEUTRAL
74,本文,私は一目チラッと、その表面を見ると、思わず目をとじた。,0.9296481013298035,0.5932697653770447,0.9296481013298035,0.5932697653770447,POSITIVE
75,本文,何故であったか、その理由は今でも分らないのだが、何となくそうしなければならぬ感じがして、数秒の間目をふさいでいた。,1.3006216287612915,0.734849214553833,0.0,0.0,NEUTRAL
76,本文,再び目を開いた時、私の前に、嘗て見たことのない様な、奇妙なものがあった。,0.5051860213279724,0.5134683847427368,0.0,0.0,NEUTRAL
77,本文,と云って、私はその「奇妙」な点をハッキリと説明する言葉を持たぬのだが。,1.2104345560073853,0.6948823928833008,0.0,0.0,NEUTRAL
78,本文,額には歌舞伎芝居の御殿の背景みたいに、幾つもの部屋を打抜いて、極度の遠近法で、青畳と格子天井が遙か向うの方まで続いている様な光景が、藍を主とした泥絵具で毒々しく塗りつけてあった。,0.772434413433075,0.6335655450820923,0.0,0.0,NEUTRAL
79,本文,左手の前方には、墨黒々と不細工な書院風の窓が描かれ、同じ色の文机が、その傍に角度を無視した描き方で、据えてあった。,1.1691135168075562,0.7081480026245117,0.0,0.0,NEUTRAL
80,本文,それらの背景は、あの絵馬札の絵の独特な画風に似ていたと云えば、一番よく分るであろうか。,1.4523082971572876,0.7637131810188293,0.0,0.0,NEUTRAL
81,本文,その背景の中に、一尺位の丈の二人の人物が浮き出していた。,1.0201741456985474,0.6426001191139221,0.0,0.0,NEUTRAL
82,本文,浮き出していたと云うのは、その人物丈けが、押絵細工で出来ていたからである。,1.2990608215332031,0.7532934546470642,0.0,0.0,NEUTRAL
83,本文,黒天鵞絨の古風な洋服を着た白髪の老人が、窮屈そうに坐っていると、（不思議なことには、その容貌が、髪の色を除くと、額の持主の老人にそのままなばかりか、着ている洋服の仕立方までそっくりであった）緋鹿の子の振袖に、黒繻子の帯の映りのよい十七八の、水のたれる様な結綿の美少女が、何とも云えぬ嬌羞を含んで、その老人の洋服の膝にしなだれかかっている、謂わば芝居の濡れ場に類する画面であった。,0.4466109275817871,0.48560550808906555,0.0,0.0,NEUTRAL
84,本文,洋服の老人と色娘の対照と、甚だ異様であったことは云うまでもないが、だが私が「奇妙」に感じたというのはそのことではない。,1.771360993385315,0.8649784922599792,0.0,0.0,NEUTRAL
85,本文,背景の粗雑に引かえて、押絵の細工の精巧なことは驚くばかりであった。,0.9890972375869751,0.5160967707633972,0.9890972375869751,0.5160967707633972,POSITIVE
86,本文,顔の部分は、白絹は凹凸を作って、細い皺まで一つ一つ現わしてあったし、娘の髪は、本当の毛髪を一本一本植えつけて、人間の髪を結う様に結ってあり、老人の頭は、これも多分本物の白髪を、丹念に植えたものに相違なかった。,0.6326590776443481,0.4707229733467102,0.0,0.0,NEUTRAL
87,本文,洋服には正しい縫い目があり、適当な場所に粟粒程の釦までつけてあるし、娘の乳のふくらみと云い、腿のあたりの艶めいた曲線と云い、こぼれた緋縮緬、チラと見える肌の色、指には貝殻の様な爪が生えていた。,1.2272140979766846,0.7255015969276428,0.0,0.0,NEUTRAL
88,本文,虫眼鏡で覗いて見たら、毛穴や産毛まで、ちゃんと拵えてあるのではないかと思われた程である。,1.7072343826293945,0.8168362975120544,1.7072343826293945,0.8168362975120544,POSITIVE
89,本文,私は押絵と云えば、羽子板の役者の似顔の細工しか見たことがなかったが、そして、羽子板の細工にも、随分精巧なものもあるのだけれど、この押絵は、そんなものとは、まるで比較にもならぬ程、巧緻を極めていたのである。,2.6068856716156006,0.9332209229469299,2.6068856716156006,0.9332209229469299,POSITIVE
90,本文,恐らくその道の名人の手に成ったものであろうか。,0.8297668099403381,0.5504748821258545,0.0,0.0,NEUTRAL
91,本文,だが、それが私の所謂「奇妙」な点ではなかった。,1.7835944890975952,0.8514525890350342,0.0,0.0,NEUTRAL
92,本文,額全体が余程古いものらしく、背景の泥絵具は所々はげ落ていたし、娘の緋鹿の子も、老人の天鵞絨も、見る影もなく色あせていたけれど、はげ落ち色あせたなりに、名状し難き毒々しさを保ち、ギラギラと、見る者の眼底に焼つく様な生気を持っていたことも、不思議と云えば不思議であった。,0.7973989844322205,0.5208070278167725,0.0,0.0,NEUTRAL
93,本文,だが、私の「奇妙」という意味はそれでもない。,1.539676547050476,0.7882992029190063,0.0,0.0,NEUTRAL
94,本文,それは、若し強て云うならば、押絵の人物が二つとも、生きていたことである。,1.0579473972320557,0.6470655202865601,0.0,0.0,NEUTRAL
95,本文,文楽の人形芝居で、一日の演技の内に、たった一度か二度、それもほんの一瞬間、名人の使っている人形が、ふと神の息吹をかけられでもした様に、本当に生きていることがあるものだが、この押絵の人物は、その生きた瞬間の人形を、命の逃げ出す隙を与えず、咄嗟の間に、そのまま板にはりつけたという感じで、永遠に生きながらえているかと見えたのである。,1.3057011365890503,0.6988103985786438,1.3057011365890503,0.6988103985786438,POSITIVE
96,本文,私の表情に驚きの色を見て取ったからか、老人は、いとたのもしげな口調で、殆ど叫ぶ様に、,1.0432544946670532,0.6994655728340149,0.0,0.0,NEUTRAL
97,本文,「アア、あなたは分って下さるかも知れません」,0.6574079394340515,0.5122607350349426,0.0,0.0,NEUTRAL
98,本文,と云いながら、肩から下げていた、黒革のケースを、叮嚀に鍵で開いて、その中から、いとも古風な双眼鏡を取り出してそれを私の方へ差出すのであった。,0.8273571729660034,0.5225020051002502,0.8273571729660034,0.5225020051002502,POSITIVE
99,本文,「コレ、この遠眼鏡で一度御覧下さいませ。,0.3900160491466522,0.46642640233039856,0.3900160491466522,0.46642640233039856,POSITIVE
100,本文,イエ、そこからでは近すぎます。,1.5691304206848145,0.8126058578491211,0.0,0.0,NEUTRAL
101,本文,失礼ですが、もう少しあちらの方から。,1.7307661771774292,0.8528852462768555,0.0,0.0,NEUTRAL
102,本文,左様丁度その辺がようございましょう」,1.192640781402588,0.6420543789863586,0.0,0.0,NEUTRAL
103,本文,誠に異様な頼みではあったけれど、私は限りなき好奇心のとりことなって、老人の云うがままに、席を立って額から五六歩遠ざかった。,0.6641992926597595,0.49664029479026794,0.0,0.0,NEUTRAL
104,本文,老人は私の見易い様に、両手で額を持って、電燈にかざしてくれた。,1.6830416917800903,0.7304785251617432,1.6830416917800903,0.7304785251617432,POSITIVE
105,本文,今から思うと、実に変てこな、気違いめいた光景であったに相違ないのである。,1.060649037361145,0.6545634865760803,0.0,0.0,NEUTRAL
106,本文,遠眼鏡と云うのは、恐らく二三十年も以前の舶来品であろうか、私達が子供の時分、よく眼鏡屋の看板で見かけた様な、異様な形のプリズム双眼鏡であったが、それが手摺れの為に、黒い覆皮がはげて、所々真鍮の生地が現われているという、持主の洋服と同様に、如何にも古風な、物懐かしい品物であった。,1.4648391008377075,0.7214480042457581,0.0,0.0,NEUTRAL
107,本文,私は珍らしさに、暫くその双眼鏡をひねくり廻していたが、やがて、それを覗く為に、両手で眼の前に持って行った時である。,1.411798357963562,0.6546116471290588,1.411798357963562,0.6546116471290588,POSITIVE
108,本文,突然、実に突然、老人が悲鳴に近い叫声を立てたので、私は、危く眼鏡を取落す所であった。,0.7390227913856506,0.5591065883636475,0.0,0.0,NEUTRAL
109,本文,「いけません。,1.964888334274292,0.8686513900756836,-1.964888334274292,-0.8686513900756836,NEGATIVE
110,本文,いけません。,2.8546369075775146,0.9428713917732239,-2.8546369075775146,-0.9428713917732239,NEGATIVE
111,本文,それはさかさですよ。,0.6933034062385559,0.5509420037269592,0.0,0.0,NEUTRAL
112,本文,さかさに覗いてはいけません。,1.1302318572998047,0.5042697787284851,-1.1302318572998047,-0.5042697787284851,NEGATIVE
113,本文,いけません」,2.6347854137420654,0.9353042244911194,-2.6347854137420654,-0.9353042244911194,NEGATIVE
114,本文,老人は、真青になって、目をまんまるに見開いて、しきりと手を振っていた。,1.3583158254623413,0.6837336421012878,1.3583158254623413,0.6837336421012878,POSITIVE
115,本文,双眼鏡を逆に覗くことが、何ぜそれ程大変なのか、私は老人の異様な挙動を理解することが出来なかった。,1.0124589204788208,0.6579636931419373,0.0,0.0,NEUTRAL
116,本文,「成程、成程、さかさでしたっけ」,0.6202951073646545,0.512058436870575,0.0,0.0,NEUTRAL
117,本文,私は双眼鏡を覗くことに気を取られていたので、この老人の不審な表情を、さして気にもとめず、眼鏡を正しい方向に持ち直すと、急いでそれを目に当てて押絵の人物を覗いたのである。,0.6135454773902893,0.5033291578292847,0.0,0.0,NEUTRAL
118,本文,焦点が合って行くに従って、二つの円形の視野が、徐々に一つに重なり、ボンヤリとした虹の様なものが、段々ハッキリして来ると、びっくりする程大きな娘の胸から上が、それが全世界ででもある様に、私の眼界一杯に拡がった。,1.9719637632369995,0.8863890767097473,1.9719637632369995,0.8863890767097473,POSITIVE
119,本文,あんな風な物の現われ方を、私はあとにも先にも見たことがないので、読む人に分らせるのが難儀なのだが、それに近い感じを思い出して見ると、例えば、舟の上から、海にもぐった蜑の、ある瞬間の姿に似ていたとでも形容すべきであろうか。,1.5155625343322754,0.7770640254020691,0.0,0.0,NEUTRAL
120,本文,蜑の裸身が、底の方にある時は、青い水の層の複雑な動揺の為に、その身体が、まるで海草の様に、不自然にクネクネと曲り、輪廓もぼやけて、白っぽいお化みたいに見えているが、それが、つうッと浮上って来るに従って、水の層の青さが段々薄くなり、形がハッキリして来て、ポッカリと水上に首を出すと、その瞬間、ハッと目が覚めた様に、水中の白いお化が、忽ち人間の正体を現わすのである。,1.0507999658584595,0.6565210223197937,1.0507999658584595,0.6565210223197937,POSITIVE
121,本文,丁度それと同じ感じで、押絵の娘は、双眼鏡の中で、私の前に姿を現わし、実物大の、一人の生きた娘として、蠢き始めたのである。,1.4315353631973267,0.740452766418457,1.4315353631973267,0.740452766418457,POSITIVE
122,本文,十九世紀の古風なプリズム双眼鏡の玉の向う側には、全く私達の思いも及ばぬ別世界があって、そこに結綿の色娘と、古風な洋服の白髪男とが、奇怪な生活を営んでいる。,0.7315677404403687,0.5544076561927795,0.7315677404403687,0.5544076561927795,POSITIVE
123,本文,覗いては悪いものを、私は今魔法使に覗かされているのだ。,1.1317344903945923,0.6273983716964722,1.1317344903945923,0.6273983716964722,POSITIVE
124,本文,といった様な形容の出来ない変てこな気持で、併し私は憑かれた様にその不可思議な世界に見入ってしまった。,0.8492605686187744,0.6075562238693237,0.0,0.0,NEUTRAL
125,本文,娘は動いていた訳ではないが、その全身の感じが、肉眼で見た時とは、ガラリと変って、生気に満ち、青白い顔がやや桃色に上気し、胸は脈打ち（実際私は心臓の鼓動をさえ聞いた）肉体からは縮緬の衣裳を通して、むしむしと、若い女の生気が蒸発して居る様に思われた。,0.8340930342674255,0.6286610960960388,0.0,0.0,NEUTRAL
126,本文,私は一渡り、女の全身を、双眼鏡の先で、嘗め廻してから、その娘がしなだれ掛っている、仕合せな白髪男の方へ眼鏡を転じた。,0.200984388589859,0.41171303391456604,0.0,0.0,NEUTRAL
127,本文,老人も、双眼鏡の世界で、生きていたことは同じであったが、見た所四十程も年の違う、若い女の肩に手を廻して、さも幸福そうな形でありながら、妙なことには、レンズ一杯の大きさに写った、彼の皺の多い顔が、その何百本の皺の底で、いぶかしく苦悶の相を現わしているのである。,1.0527430772781372,0.5683591961860657,1.0527430772781372,0.5683591961860657,POSITIVE
128,本文,それは、老人の顔がレンズの為に眼前一尺の近さに、異様に大きく迫っていたからでもあったであろうが、見つめていればいる程、ゾッと怖くなる様な、悲痛と恐怖との混り合った一種異様の表情であった。,0.3338274359703064,0.4700472056865692,0.0,0.0,NEUTRAL
129,本文,それを見ると、私はうなされた様な気分になって、双眼鏡を覗いていることが、耐え難く感じられたので、思わず、目を離して、キョロキョロとあたりを見廻した。,0.8446044921875,0.5379696488380432,0.8446044921875,0.5379696488380432,POSITIVE
130,本文,すると、それはやっぱり淋しい夜の汽車の中であって、押絵の額も、それをささげた老人の姿も、元のままで、窓の外は真暗だし、単調な車輪の響も、変りなく聞えていた。,1.9039819240570068,0.852088987827301,1.9039819240570068,0.852088987827301,POSITIVE
131,本文,悪夢から醒めた気持であった。,0.5895799994468689,0.5684245824813843,0.0,0.0,NEUTRAL
132,本文,「あなた様は、不思議相な顔をしておいでなさいますね」,0.9125189781188965,0.5557129383087158,0.9125189781188965,0.5557129383087158,POSITIVE
133,本文,老人は額を、元の窓の所へ立てかけて、席につくと、私にもその向う側へ坐る様に、手真似をしながら、私の顔を見つめて、こんなことを云った。,0.545894980430603,0.4922737181186676,0.545894980430603,0.4922737181186676,POSITIVE
134,本文,「私の頭が、どうかしている様です。,0.825065016746521,0.6229124069213867,0.0,0.0,NEUTRAL
135,本文,いやに蒸しますね」,1.0091520547866821,0.6343919038772583,0.0,0.0,NEUTRAL
136,本文,私はてれ隠しみたいな挨拶をした。,0.6904088854789734,0.5690352320671082,0.0,0.0,NEUTRAL
137,本文,すると老人は、猫背になって、顔をぐっと私の方へ近寄せ、膝の上で細長い指を合図でもする様に、ヘラヘラと動かしながら、低い低い囁き声になって、,0.4479617774486542,0.5361717939376831,0.0,0.0,NEUTRAL
138,本文,「あれらは、生きて居りましたろう」,0.8252840042114258,0.5174162983894348,0.8252840042114258,0.5174162983894348,POSITIVE
139,本文,と云った。,1.180197834968567,0.671254575252533,0.0,0.0,NEUTRAL
140,本文,そして、さも一大事を打開けるといった調子で、一層猫背になって、ギラギラした目をまん丸に見開いて、私の顔を穴のあく程見つめながら、こんなことを囁くのであった。,1.9262198209762573,0.8507993817329407,1.9262198209762573,0.8507993817329407,POSITIVE
141,本文,「あなたは、あれらの、本当の身の上話を聞き度いとはおぼしめしませんかね」,0.5164132118225098,0.4472387135028839,0.5164132118225098,0.4472387135028839,POSITIVE
142,本文,私は汽車の動揺と、車輪の響の為に、老人の低い、呟く様な声を、聞き間違えたのではないかと思った。,1.1832183599472046,0.7503830194473267,0.0,0.0,NEUTRAL
143,本文,「身の上話とおっしゃいましたか」,0.9537344574928284,0.4931619465351105,0.0,0.0,NEUTRAL
144,本文,「身の上話でございますよ」老人はやっぱり低い声で答えた。,0.8463727831840515,0.6211217641830444,0.0,0.0,NEUTRAL
145,本文,「殊に、一方の、白髪の老人の身の上話をでございますよ」,0.8161285519599915,0.5872007012367249,0.0,0.0,NEUTRAL
146,本文,「若い時分からのですか」,1.5316635370254517,0.7569177746772766,0.0,0.0,NEUTRAL
147,本文,私も、その晩は、何故か妙に調子はずれな物の云い方をした。,0.9086295366287231,0.6684131622314453,0.0,0.0,NEUTRAL
148,本文,「ハイ、あれが二十五歳の時のお話でございますよ」,1.3986648321151733,0.6665139198303223,1.3986648321151733,0.6665139198303223,POSITIVE
149,本文,「是非うかがいたいものですね」,1.153010368347168,0.5668641924858093,1.153010368347168,0.5668641924858093,POSITIVE
150,本文,私は、普通の生きた人間の身の上話をでも催促する様に、ごく何でもないことの様に、老人をうながしたのである。,1.0083872079849243,0.6751134395599365,0.0,0.0,NEUTRAL
151,本文,すると、老人は顔の皺を、さも嬉しそうにゆがめて、「アア、あなたは、やっぱり聞いて下さいますね」と云いながら、さて、次の様な世にも不思議な物語を始めたのであった。,1.2017823457717896,0.7270283699035645,1.2017823457717896,0.7270283699035645,POSITIVE
152,本文,「それはもう、一生涯の大事件ですから、よく記憶して居りますが、明治二十八年の四月の、兄があんなに（と云って彼は押絵の老人を指さした）なりましたのが、二十七日の夕方のことでござりました。,0.8336725831031799,0.6274141669273376,0.0,0.0,NEUTRAL
153,本文,当時、私も兄も、まだ部屋住みで、住居は日本橋通三丁目でして、親爺が呉服商を営んで居りましたがね。,0.9352473020553589,0.5258066654205322,0.0,0.0,NEUTRAL
154,本文,何でも浅草の十二階が出来て、間もなくのことでございましたよ。,0.6620380878448486,0.5076832175254822,0.0,0.0,NEUTRAL
155,本文,だもんですから、兄なんぞは、毎日の様にあの凌雲閣へ昇って喜んでいたものです。,2.0448389053344727,0.8070613145828247,2.0448389053344727,0.8070613145828247,POSITIVE
156,本文,と申しますのが、兄は妙に異国物が好きで、新しがり屋でござんしたからね。,1.362260103225708,0.7390204668045044,0.0,0.0,NEUTRAL
157,本文,この遠眼鏡にしろ、やっぱりそれで、兄が外国船の船長の持物だったという奴を、横浜の支那人町の、変てこな道具屋の店先で、めっけて来ましてね。,0.651060163974762,0.5460307598114014,0.0,0.0,NEUTRAL
158,本文,当時にしちゃあ、随分高いお金を払ったと申して居りましたっけ」,0.718907356262207,0.4737243354320526,-0.718907356262207,-0.4737243354320526,NEGATIVE
159,本文,老人は「兄が」と云うたびに、まるでそこにその人が坐ってでもいる様に、押絵の老人の方に目をやったり、指さしたりした。,0.7758570313453674,0.5407779216766357,0.0,0.0,NEUTRAL
160,本文,老人は彼の記憶にある本当の兄と、その押絵の白髪の老人とを、混同して、押絵が生きて彼の話を聞いてでもいる様な、すぐ側に第三者を意識した様な話し方をした。,1.1965819597244263,0.7059066295623779,0.0,0.0,NEUTRAL
161,本文,だが、不思議なことに、私はそれを少しもおかしいとは感じなかった。,1.8188577890396118,0.8329360485076904,0.0,0.0,NEUTRAL
162,本文,私達はその瞬間、自然の法則を超越した、我々の世界とどこかで喰違っている処の、別の世界に住んでいたらしいのである。,0.5173736214637756,0.47317567467689514,0.0,0.0,NEUTRAL
163,本文,「あなたは、十二階へ御昇りなすったことがおありですか。,0.6469223499298096,0.5148657560348511,0.6469223499298096,0.5148657560348511,POSITIVE
164,本文,アア、おありなさらない。,1.7503763437271118,0.8418391346931458,-1.7503763437271118,-0.8418391346931458,NEGATIVE
165,本文,それは残念ですね。,1.6169477701187134,0.7450428009033203,0.0,0.0,NEUTRAL
166,本文,あれは一体どこの魔法使が建てましたものか、実に途方もない、変てこれんな代物でございましたよ。,0.7336845397949219,0.573644757270813,0.7336845397949219,0.573644757270813,POSITIVE
167,本文,表面は伊太利の技師のバルトンと申すものが設計したことになっていましたがね。,1.4104573726654053,0.7506645321846008,0.0,0.0,NEUTRAL
168,本文,まあ考えて御覧なさい。,2.5524086952209473,0.9517921805381775,0.0,0.0,NEUTRAL
169,本文,その頃の浅草公園と云えば、名物が先ず蜘蛛男の見世物、娘剣舞に、玉乗り、源水の独楽廻しに、覗きからくりなどで、せいぜい変った所が、お富士さまの作り物に、メーズと云って、八陣隠れ杉の見世物位でございましたからね。,1.3503837585449219,0.7712513208389282,0.0,0.0,NEUTRAL
170,本文,そこへあなた、ニョキニョキと、まあ飛んでもない高い煉瓦造りの塔が出来ちまったんですから、驚くじゃござんせんか。,0.7053823471069336,0.5683823823928833,0.0,0.0,NEUTRAL
171,本文,高さが四十六間と申しますから、半丁の余で、八角型の頂上が、唐人の帽子みたいに、とんがっていて、ちょっと高台へ昇りさえすれば、東京中どこからでも、その赤いお化が見られたものです。,1.1750640869140625,0.6860435009002686,0.0,0.0,NEUTRAL
172,本文,今も申す通り、明治二十八年の春、兄がこの遠眼鏡を手に入れて間もない頃でした。,1.3700002431869507,0.6660177707672119,1.3700002431869507,0.6660177707672119,POSITIVE
173,本文,兄の身に妙なことが起って参りました。,1.0020920038223267,0.6018141508102417,1.0020920038223267,0.6018141508102417,POSITIVE
174,本文,親爺なんぞ、兄め気でも違うのじゃないかって、ひどく心配して居りましたが、私もね、お察しでしょうが、馬鹿に兄思いでしてね、兄の変てこれんなそぶりが、心配で心配でたまらなかったものです。,1.0294111967086792,0.6032025218009949,1.0294111967086792,0.6032025218009949,POSITIVE
175,本文,どんな風かと申しますと、兄はご飯もろくろくたべないで、家内の者とも口を利かず、家にいる時は一間にとじ籠って考え事ばかりしている。,0.6824813485145569,0.5740169882774353,0.0,0.0,NEUTRAL
176,本文,身体は痩せてしまい、顔は肺病やみの様に土気色で、目ばかりギョロギョロさせている。,0.8688904047012329,0.5469914078712463,0.0,0.0,NEUTRAL
177,本文,尤も平常から顔色のいい方じゃあござんせんでしたがね。,0.8133682012557983,0.6003130674362183,0.0,0.0,NEUTRAL
178,本文,それが一倍青ざめて、沈んでいるのですから、本当に気の毒な様でした。,0.9515581130981445,0.6629181504249573,0.9515581130981445,0.6629181504249573,POSITIVE
179,本文,その癖ね、そんなでいて、毎日欠かさず、まるで勤めにでも出る様に、おひるッから、日暮れ時分まで、フラフラとどっかへ出掛けるんです。,1.3469418287277222,0.7198714017868042,1.3469418287277222,0.7198714017868042,POSITIVE
180,本文,どこへ行くのかって、聞いて見ても、ちっとも云いません。,0.8663480877876282,0.5746687650680542,0.0,0.0,NEUTRAL
181,本文,母親が心配して、兄のふさいでいる訳を、手を変え品を変え尋ねても、少しも打開けません。,1.395440697669983,0.7702757120132446,0.0,0.0,NEUTRAL
182,本文,そんなことが一月程も続いたのですよ。,1.0456019639968872,0.6823175549507141,0.0,0.0,NEUTRAL
183,本文,あんまり心配だものだから、私はある日、兄が一体どこへ出掛るのかと、ソッとあとをつけました。,1.1376861333847046,0.6163989901542664,0.0,0.0,NEUTRAL
184,本文,そうする様に、母親が私に頼むもんですからね。,1.1771390438079834,0.7047062516212463,0.0,0.0,NEUTRAL
185,本文,兄はその日も、丁度今日の様などんよりとした、いやな日でござんしたが、おひる過から、その頃兄の工風で仕立てさせた、当時としては飛び切りハイカラな、黒天鵞絨の洋服を着ましてね、この遠眼鏡を肩から下げ、ヒョロヒョロと、日本橋通りの、馬車鉄道の方へ歩いて行くのです。,1.6377891302108765,0.7848303318023682,1.6377891302108765,0.7848303318023682,POSITIVE
186,本文,私は兄に気どられぬ様に、ついて行った訳ですよ。,0.8690506815910339,0.5069266557693481,0.0,0.0,NEUTRAL
187,本文,よござんすか。,0.6076930165290833,0.47743988037109375,0.0,0.0,NEUTRAL
188,本文,しますとね、兄は上野行きの馬車鉄道を待ち合わせて、ひょいとそれに乗り込んでしまったのです。,0.8612214922904968,0.5730072259902954,0.0,0.0,NEUTRAL
189,本文,当今の電車と違って、次の車に乗ってあとをつけるという訳には行きません。,1.3967350721359253,0.7124292850494385,0.0,0.0,NEUTRAL
190,本文,何しろ車台が少のござんすからね。,1.1419769525527954,0.657148003578186,0.0,0.0,NEUTRAL
191,本文,私は仕方がないので母親に貰ったお小遣いをふんぱつして、人力車に乗りました。,0.8845982551574707,0.51209956407547,0.8845982551574707,0.51209956407547,POSITIVE
192,本文,人力車だって、少し威勢のいい挽子なれば馬車鉄道を見失わない様に、あとをつけるなんぞ、訳なかったものでございますよ。,1.4746633768081665,0.7963050007820129,0.0,0.0,NEUTRAL
193,本文,兄が馬車鉄道を降りると、私も人力車を降りて、又テクテクと跡をつける。,0.8551703095436096,0.5576144456863403,0.8551703095436096,0.5576144456863403,POSITIVE
194,本文,そうして、行きついた所が、なんと浅草の観音様じゃございませんか。,0.9415345788002014,0.6414419412612915,0.0,0.0,NEUTRAL
195,本文,兄は仲店から、お堂の前を素通りして、お堂裏の見世物小屋の間を、人波をかき分ける様にしてさっき申上げた十二階の前まで来ますと、石の門を這入って、お金を払って「凌雲閣」という額の上った入口から、塔の中へ姿を消したじゃあございませんか。,0.5308836102485657,0.49959203600883484,-0.5308836102485657,-0.49959203600883484,NEGATIVE
196,本文,まさか兄がこんな所へ、毎日毎日通っていようとは、夢にも存じませんので、私はあきれてしまいましたよ。,1.6367169618606567,0.7492790818214417,1.6367169618606567,0.7492790818214417,POSITIVE
197,本文,子供心にね、私はその時まだ二十にもなってませんでしたので、兄はこの十二階の化物に魅入られたんじゃないかなんて、変なことを考えたものですよ。,0.8658443093299866,0.6037885546684265,0.0,0.0,NEUTRAL
198,本文,私は十二階へは、父親につれられて、一度昇った切りで、その後行ったことがありませんので、何だか気味が悪い様に思いましたが、兄が昇って行くものですから、仕方がないので、私も、一階位おくれて、あの薄暗い石の段々を昇って行きました。,1.1610677242279053,0.5465215444564819,1.1610677242279053,0.5465215444564819,POSITIVE
199,本文,窓も大きくございませんし、煉瓦の壁が厚うござんすので、穴蔵の様に冷々と致しましてね。,1.4019289016723633,0.7658231854438782,0.0,0.0,NEUTRAL
200,本文,それに日清戦争の当時ですから、その頃は珍らしかった、戦争の油絵が、一方の壁にずっと懸け並べてあります。,1.7233452796936035,0.7172594666481018,1.7233452796936035,0.7172594666481018,POSITIVE
201,本文,まるで狼みたいな、おっそろしい顔をして、吠えながら、突貫している日本兵や、剣つき鉄砲に脇腹をえぐられ、ふき出す血のりを両手で押さえて、顔や唇を紫色にしてもがいている支那兵や、ちょんぎられた辮髪の頭が、風船玉の様に空高く飛上っている所や、何とも云えない毒々しい、血みどろの油絵が、窓からの薄暗い光線で、テラテラと光っているのでございますよ。,0.35346168279647827,0.4555511474609375,0.0,0.0,NEUTRAL
202,本文,その間を、陰気な石の段々が、蝸牛の殻みたいに、上へ上へと際限もなく続いて居ります。,1.5725935697555542,0.7069939374923706,1.5725935697555542,0.7069939374923706,POSITIVE
203,本文,本当に変てこれんな気持ちでしたよ。,0.6921472549438477,0.5629034638404846,0.6921472549438477,0.5629034638404846,POSITIVE
204,本文,頂上は八角形の欄干丈けで、壁のない、見晴らしの廊下になっていましてね、そこへたどりつくと、俄にパッと明るくなって、今までの薄暗い道中が長うござんしただけに、びっくりしてしまいます。,2.119574785232544,0.8757905960083008,2.119574785232544,0.8757905960083008,POSITIVE
205,本文,雲が手の届きそうな低い所にあって、見渡すと、東京中の屋根がごみみたいに、ゴチャゴチャしていて、品川の御台場が、盆石の様に見えて居ります。,0.7831220030784607,0.4955713748931885,0.0,0.0,NEUTRAL
206,本文,目まいがしそうなのを我慢して、下を覗きますと、観音様の御堂だってずっと低い所にありますし、小屋掛けの見世物が、おもちゃの様で、歩いている人間が、頭と足ばかりに見えるのです。,0.9019489288330078,0.6516331434249878,0.0,0.0,NEUTRAL
207,本文,頂上には、十人余りの見物が一かたまりになっておっかな相な顔をして、ボソボソ小声で囁きながら、品川の海の方を眺めて居りましたが、兄はと見ると、それとは離れた場所に、一人ぼっちで、遠眼鏡を目に当てて、しきりと浅草の境内を眺め廻して居りました。,0.9039098024368286,0.4964848458766937,0.9039098024368286,0.4964848458766937,POSITIVE
208,本文,それをうしろから見ますと、白っぽくどんよりどんよりとした雲ばかりの中に、兄の天鵞絨の洋服姿が、クッキリと浮上って、下の方のゴチャゴチャしたものが何も見えぬものですから、兄だということは分っていましても、何だか西洋の油絵の中の人物みたいな気持がして、神々しい様で、言葉をかけるのも憚られた程でございましたっけ。,1.3208054304122925,0.7161301374435425,1.3208054304122925,0.7161301374435425,POSITIVE
209,本文,でも、母の云いつけを思い出しますと、そうもしていられませんので、私は兄のうしろに近づいて『兄さん何を見ていらっしゃいます』と声をかけたのでございます。,1.4929758310317993,0.7691392302513123,0.0,0.0,NEUTRAL
210,本文,兄はビクッとして、振向きましたが、気拙い顔をして何も云いません。,0.3503192663192749,0.42995497584342957,0.0,0.0,NEUTRAL
211,本文,私は『兄さんの此頃の御様子には、御父さんもお母さんも大変心配していらっしゃいます。,1.8671422004699707,0.8106326460838318,1.8671422004699707,0.8106326460838318,POSITIVE
212,本文,毎日毎日どこへ御出掛なさるのかと不思議に思って居りましたら、兄さんはこんな所へ来ていらしったのでございますね。,1.417883276939392,0.7449538111686707,1.417883276939392,0.7449538111686707,POSITIVE
213,本文,どうかその訳を云って下さいまし。,1.448663592338562,0.7111628651618958,0.0,0.0,NEUTRAL
214,本文,日頃仲よしの私に丈けでも打開けて下さいまし』と、近くに人のいないのを幸いに、その塔の上で、兄をかき口説いたものですよ。,1.1648074388504028,0.6343802809715271,1.1648074388504028,0.6343802809715271,POSITIVE
215,本文,仲々打開けませんでしたが、私が繰返し繰返し頼むものですから、兄も根負けをしたと見えまして、とうとう一ヶ月来の胸の秘密を私に話してくれました。,0.8822596073150635,0.538515031337738,0.8822596073150635,0.538515031337738,POSITIVE
216,本文,ところが、その兄の煩悶の原因と申すものが、これが又誠に変てこれんな事柄だったのでございますよ。,0.49191442131996155,0.4880647361278534,0.0,0.0,NEUTRAL
217,本文,兄が申しますには、一月ばかり前に、十二階へ昇りまして、この遠眼鏡で観音様の境内を眺めて居りました時、人込みの間に、チラッと、一人の娘の顔を見たのだ相でございます。,1.8143221139907837,0.7990667223930359,1.8143221139907837,0.7990667223930359,POSITIVE
218,本文,その娘が、それはもう何とも云えない、この世のものとも思えない、美しい人で、日頃女には一向冷淡であった兄も、その遠眼鏡の中の娘丈けには、ゾッと寒気がした程も、すっかり心を乱されてしまったと申しますよ。,1.630106806755066,0.8255577087402344,1.630106806755066,0.8255577087402344,POSITIVE
219,本文,その時兄は、一目見た丈けで、びっくりして、遠眼鏡をはずしてしまったものですから、もう一度見ようと思って、同じ見当を夢中になって探した相ですが、眼鏡の先が、どうしてもその娘の顔にぶっつかりません。,1.0623893737792969,0.6685023307800293,0.0,0.0,NEUTRAL
220,本文,遠眼鏡では近くに見えても実際は遠方のことですし、沢山の人混みの中ですから、一度見えたからと云って、二度目に探し出せると極まったものではございませんからね。,1.7895845174789429,0.866432785987854,0.0,0.0,NEUTRAL
221,本文,それからと申すもの、兄はこの眼鏡の中の美しい娘が忘れられず、極々内気なひとでしたから、古風な恋わずらいをわずらい始めたのでございます。,1.1250187158584595,0.6030646562576294,1.1250187158584595,0.6030646562576294,POSITIVE
222,本文,今のお人はお笑いなさるかも知れませんが、その頃の人間は、誠におっとりしたものでして、行きずりに一目見た女を恋して、わずらいついた男なども多かった時代でございますからね。,1.3380634784698486,0.528292179107666,1.3380634784698486,0.528292179107666,POSITIVE
223,本文,云うまでもなく、兄はそんなご飯もろくろくたべられない様な、衰えた身体を引きずって、又その娘が観音様の境内を通りかかることもあろうかと悲しい空頼みから、毎日毎日、勤めの様に、十二階に昇っては、眼鏡を覗いていた訳でございます。,2.001760482788086,0.8524109721183777,2.001760482788086,0.8524109721183777,POSITIVE
224,本文,恋というものは、不思議なものでございますね。,0.8467989563941956,0.4972628951072693,0.0,0.0,NEUTRAL
225,本文,兄は私に打開けてしまうと、又熱病やみの様に眼鏡を覗き始めましたっけが、私は兄の気持にすっかり同情致しましてね、千に一つも望みのない、無駄な探し物ですけれど、お止しなさいと止めだてする気も起らず、余りのことに涙ぐんで、兄のうしろ姿をじっと眺めていたものですよ。,2.2227301597595215,0.8961912989616394,2.2227301597595215,0.8961912989616394,POSITIVE
226,本文,するとその時……ア、私はあの怪しくも美しかった光景を、忘れることが出来ません。,1.660126805305481,0.8165823221206665,1.660126805305481,0.8165823221206665,POSITIVE
227,本文,三十年以上も昔のことですけれど、こうして眼をふさぎますと、その夢の様な色どりが、まざまざと浮んで来る程でございます。,1.5990222692489624,0.7259323596954346,1.5990222692489624,0.7259323596954346,POSITIVE
228,本文,さっきも申しました通り、兄のうしろに立っていますと、見えるものは、空ばかりで、モヤモヤとした、むら雲の中に、兄のほっそりとした洋服姿が、絵の様に浮上って、むら雲の方で動いているのを、兄の身体が宙に漂うかと見誤るばかりでございました。,0.9470901489257812,0.6264292001724243,0.0,0.0,NEUTRAL
229,本文,がそこへ、突然、花火でも打上げた様に、白っぽい大空の中を、赤や青や紫の無数の玉が、先を争って、フワリフワリと昇って行ったのでございます。,1.1006457805633545,0.6371046900749207,1.1006457805633545,0.6371046900749207,POSITIVE
230,本文,お話したのでは分りますまいが、本当に絵の様で、又何かの前兆の様で、私は何とも云えない怪しい気持になったものでした。,0.6982056498527527,0.547687828540802,0.0,0.0,NEUTRAL
231,本文,何であろうと、急いで下を覗いて見ますと、どうかしたはずみで、風船屋が粗相をして、ゴム風船を、一度に空へ飛ばしたものと分りましたが、その時分は、ゴム風船そのものが、今よりはずっと珍らしゅうござんしたから正体が分っても、私はまだ妙な気持がして居りましたものですよ。,1.6390162706375122,0.8199797868728638,0.0,0.0,NEUTRAL
232,本文,妙なもので、それがきっかけになったという訳でもありますまいが、丁度その時、兄は非常に興奮した様子で、青白い顔をぽっと赤らめ息をはずませて、私の方へやって参り、いきなり私の手をとって『さあ行こう。,1.4130873680114746,0.6900675296783447,1.4130873680114746,0.6900675296783447,POSITIVE
233,本文,早く行かぬと間に合わぬ』と申して、グングン私を引張るのでございます。,0.8884533643722534,0.5962427854537964,0.8884533643722534,0.5962427854537964,POSITIVE
234,本文,引張られて、塔の石段をかけ降りながら、訳を尋ねますと、いつかの娘さんが見つかったらしいので、青畳を敷いた広い座敷に坐っていたから、これから行っても大丈夫元の所にいると申すのでございます。,1.1356242895126343,0.578343391418457,1.1356242895126343,0.578343391418457,POSITIVE
235,本文,兄が見当をつけた場所というのは、観音堂の裏手の、大きな松の木が目印で、そこに広い座敷があったと申すのですが、さて、二人でそこへ行って、探して見ましても、松の木はちゃんとありますけれど、その近所には、家らしい家もなく、まるで狐につままれた様な鹽梅なのですよ。,1.310742974281311,0.6538704037666321,0.0,0.0,NEUTRAL
236,本文,兄の気の迷いだとは思いましたが、しおれ返っている様子が、余り気の毒だものですから、気休めに、その辺の掛茶屋などを尋ね廻って見ましたけれども、そんな娘さんの影も形もありません。,1.069584608078003,0.634338915348053,1.069584608078003,0.634338915348053,POSITIVE
237,本文,探している間に、兄と分れ分れになってしまいましたが、掛茶屋を一巡して、暫くたって元の松の木の下へ戻って参りますとね、そこには色々な露店に並んで、一軒の覗きからくり屋が、ピシャンピシャンと鞭の音を立てて、商売をして居りましたが、見ますと、その覗きの眼鏡を、兄が中腰になって、一生懸命覗いていたじゃございませんか。,0.6982744932174683,0.4736182391643524,0.6982744932174683,0.4736182391643524,POSITIVE
238,本文,『兄さん何をしていらっしゃる』と云って、肩を叩きますと、ビックリして振向きましたが、その時の兄の顔を、私は今だに忘れることが出来ませんよ。,1.8890434503555298,0.8554887771606445,1.8890434503555298,0.8554887771606445,POSITIVE
239,本文,何と申せばよろしいか、夢を見ている様なとでも申しますか、顔の筋がたるんでしまって、遠い所を見ている目つきになって、私に話す声さえも、変にうつろに聞えたのでございます。,0.6562511920928955,0.5663862824440002,0.0,0.0,NEUTRAL
240,本文,そして、『お前、私達が探していた娘さんはこの中にいるよ』と申すのです。,1.3018734455108643,0.6693874597549438,1.3018734455108643,0.6693874597549438,POSITIVE
241,本文,そう云われたものですから、私は急いでおあしを払って、覗きの眼鏡を覗いて見ますと、それは八百屋お七の覗きからくりでした。,0.5911962985992432,0.5380245447158813,0.0,0.0,NEUTRAL
242,本文,丁度吉祥寺の書院で、お七が吉三にしなだれかかっている絵が出て居りました。,0.8942981958389282,0.5776976943016052,0.0,0.0,NEUTRAL
243,本文,忘れもしません。,0.417826384305954,0.43946313858032227,0.417826384305954,0.43946313858032227,POSITIVE
244,本文,からくり屋の夫婦者は、しわがれ声を合せて、鞭で拍子を取りながら、『膝でつっらついて、目で知らせ』と申す文句を歌っている所でした。,0.4774259924888611,0.4704066812992096,0.0,0.0,NEUTRAL
245,本文,アア、あの『膝でつっらついて、目で知らせ』という変な節廻しが、耳についている様でございます。,1.3853856325149536,0.7224096059799194,1.3853856325149536,0.7224096059799194,POSITIVE
246,本文,覗き絵の人物は押絵になって居りましたが、その道の名人の作であったのでしょうね。,1.0352375507354736,0.5834296345710754,1.0352375507354736,0.5834296345710754,POSITIVE
247,本文,お七の顔の生々として綺麗であったこと。,1.4413197040557861,0.630636990070343,1.4413197040557861,0.630636990070343,POSITIVE
248,本文,私の目にさえ本当に生きている様に見えたのですから、兄があんなことを申したのも、全く無理はありません。,2.4585845470428467,0.909386157989502,2.4585845470428467,0.909386157989502,POSITIVE
249,本文,兄が申しますには『仮令この娘さんが、拵えものの押絵だと分っても、私はどうもあきらめられない。,0.7368194460868835,0.5657075643539429,0.0,0.0,NEUTRAL
250,本文,悲しいことだがあきらめられない。,0.5286246538162231,0.4548734426498413,0.0,0.0,NEUTRAL
251,本文,たった一度でいい、私もあの吉三の様な、押絵の中の男になって、この娘さんと話がして見たい』と云って、ぼんやりと、そこに突っ立ったまま、動こうともしないのでございます。,0.44985124468803406,0.489594429731369,0.44985124468803406,0.489594429731369,POSITIVE
252,本文,考えて見ますとその覗きからくりの絵が、光線を取る為に上の方が開けてあるので、それが斜めに十二階の頂上からも見えたものに違いありません。,1.0733393430709839,0.6127467155456543,0.0,0.0,NEUTRAL
253,本文,その時分には、もう日が暮かけて、人足もまばらになり、覗きの前にも、二三人のおかっぱの子供が、未練らしく立去り兼ねて、うろうろしているばかりでした。,0.35945314168930054,0.445526123046875,0.0,0.0,NEUTRAL
254,本文,昼間からどんよりと曇っていたのが、日暮には、今にも一雨来そうに、雲が下って来て、一層圧えつけられる様な、気でも狂うのじゃないかと思う様な、いやな天候になって居りました。,0.7336801886558533,0.5873110890388489,0.0,0.0,NEUTRAL
255,本文,そして、耳の底にドロドロと太鼓の鳴っている様な音が聞えているのですよ。,0.7575422525405884,0.5325068235397339,0.7575422525405884,0.5325068235397339,POSITIVE
256,本文,その中で、兄は、じっと遠くの方を見据えて、いつまでもいつまでも、立ちつくして居りました。,2.0544698238372803,0.8082448840141296,2.0544698238372803,0.8082448840141296,POSITIVE
257,本文,その間が、たっぷり一時間はあった様に思われます。,1.450864553451538,0.7329900860786438,0.0,0.0,NEUTRAL
258,本文,もうすっかり暮切って、遠くの玉乗りの花瓦斯が、チロチロと美しく輝き出した時分に、兄はハッと目が醒めた様に、突然私の腕を掴んで『アア、いいことを思いついた。,2.243950128555298,0.9029679894447327,2.243950128555298,0.9029679894447327,POSITIVE
259,本文,お前、お頼みだから、この遠眼鏡をさかさにして、大きなガラス玉の方を目に当てて、そこから私を見ておくれでないか』と、変なことを云い出しました。,0.7572816014289856,0.5808300375938416,0.0,0.0,NEUTRAL
260,本文,『何故です』って尋ねても、『まあいいから、そうしてお呉れな』と申して聞かないのでございます。,0.7330489754676819,0.4786006212234497,0.7330489754676819,0.4786006212234497,POSITIVE
261,本文,一体私は生れつき眼鏡類を、余り好みませんので、遠眼鏡にしろ、顕微鏡にしろ、遠い所の物が、目の前へ飛びついて来たり、小さな虫けらが、けだものみたいに大きくなる、お化じみた作用が薄気味悪いのですよ。,1.0637918710708618,0.6350301504135132,0.0,0.0,NEUTRAL
262,本文,で、兄の秘蔵の遠眼鏡も、余り覗いたことがなく、覗いたことが少い丈けに、余計それが魔性の器械に思われたものです。,0.7593756914138794,0.5461193323135376,0.0,0.0,NEUTRAL
263,本文,しかも、日が暮て人顔もさだかに見えぬ、うすら淋しい観音堂の裏で、遠眼鏡をさかさにして、兄を覗くなんて、気違いじみてもいますれば、薄気味悪くもありましたが、兄がたって頼むものですから、仕方なく云われた通りにして覗いたのですよ。,1.3943077325820923,0.7395043969154358,1.3943077325820923,0.7395043969154358,POSITIVE
264,本文,さかさに覗くのですから、二三間向うに立っている兄の姿が、二尺位に小さくなって、小さい丈けに、ハッキリと、闇の中に浮出して見えるのです。,0.8179062008857727,0.6046748161315918,0.0,0.0,NEUTRAL
265,本文,外の景色は何も映らないで、小さくなった兄の洋服姿丈けが、眼鏡の真中に、チンと立っているのです。,1.0253016948699951,0.5570754408836365,-1.0253016948699951,-0.5570754408836365,NEGATIVE
266,本文,それが、多分兄があとじさりに歩いて行ったのでしょう。,1.1516987085342407,0.6414289474487305,0.0,0.0,NEUTRAL
267,本文,見る見る小さくなって、とうとう一尺位の、人形みたいな可愛らしい姿になってしまいました。,0.563506543636322,0.4717155992984772,0.0,0.0,NEUTRAL
268,本文,そして、その姿が、ツーッと宙に浮いたかと見ると、アッと思う間に、闇の中へ溶け込んでしまったのでございます。,0.4918671250343323,0.4699046313762665,0.0,0.0,NEUTRAL
269,本文,私は怖くなって、（こんなことを申すと、年甲斐もないと思召ましょうが、その時は、本当にゾッと、怖さが身にしみたものですよ）いきなり眼鏡を離して、「兄さん」と呼んで、兄の見えなくなった方へ走り出しました。,1.8106741905212402,0.839445948600769,1.8106741905212402,0.839445948600769,POSITIVE
270,本文,ですが、どうした訳か、いくら探しても探しても兄の姿が見えません。,1.141127586364746,0.5180074572563171,-1.141127586364746,-0.5180074572563171,NEGATIVE
271,本文,時間から申しても、遠くへ行った筈はないのに、どこを尋ねても分りません。,0.612936794757843,0.46016180515289307,-0.612936794757843,-0.46016180515289307,NEGATIVE
272,本文,なんと、あなた、こうして私の兄は、それっきり、この世から姿を消してしまったのでございますよ……それ以来というもの、私は一層遠眼鏡という魔性の器械を恐れる様になりました。,1.5318433046340942,0.7825930714607239,1.5318433046340942,0.7825930714607239,POSITIVE
273,本文,殊にも、このどこの国の船長とも分らぬ、異人の持物であった遠眼鏡が、特別いやでして、外の眼鏡は知らず、この眼鏡丈けは、どんなことがあっても、さかさに見てはならぬ。,0.7881038188934326,0.5710616111755371,0.7881038188934326,0.5710616111755371,POSITIVE
274,本文,さかさに覗けば凶事が起ると、固く信じているのでございます。,1.6018506288528442,0.6832468509674072,1.6018506288528442,0.6832468509674072,POSITIVE
275,本文,あなたがさっき、これをさかさにお持ちなすった時、私が慌ててお止め申した訳がお分りでございましょう。,1.2783973217010498,0.610393762588501,1.2783973217010498,0.610393762588501,POSITIVE
276,本文,ところが、長い間探し疲れて、元の覗き屋の前へ戻って参った時でした。,1.0870213508605957,0.6442281007766724,0.0,0.0,NEUTRAL
277,本文,私はハタとある事に気がついたのです。,0.5560018420219421,0.4823153018951416,0.0,0.0,NEUTRAL
278,本文,と申すのは、兄は押絵の娘に恋こがれた余り、魔性の遠眼鏡の力を借りて、自分の身体を押絵の娘と同じ位の大きさに縮めて、ソッと押絵の世界へ忍び込んだのではあるまいかということでした。,1.0669918060302734,0.6651449203491211,0.0,0.0,NEUTRAL
279,本文,そこで、私はまだ店をかたづけないでいた覗き屋に頼みまして、吉祥寺の場を見せて貰いましたが、なんとあなた、案の定、兄は押絵になって、カンテラの光りの中で、吉三の代りに、嬉し相な顔をして、お七を抱きしめていたではありませんか。,0.8093031048774719,0.4774690568447113,0.8093031048774719,0.4774690568447113,POSITIVE
280,本文,でもね、私は悲しいとは思いませんで、そうして本望を達した、兄の仕合せが、涙の出る程嬉しかったものですよ。,2.3375766277313232,0.8314504027366638,2.3375766277313232,0.8314504027366638,POSITIVE
281,本文,私はその絵をどんなに高くてもよいから、必ず私に譲ってくれと、覗き屋に固い約束をして、（妙なことに、小姓の吉三の代りに洋服姿の兄が坐っているのを、覗き屋は少しも気がつかない様子でした）家へ飛んで帰って、一伍一什を母に告げました所、父も母も、何を云うのだ。,0.891444206237793,0.6238362789154053,0.891444206237793,0.6238362789154053,POSITIVE
282,本文,お前は気でも違ったのじゃないかと申して、何と云っても取上げてくれません。,1.3643817901611328,0.6778165102005005,-1.3643817901611328,-0.6778165102005005,NEGATIVE
283,本文,おかしいじゃありませんか。,1.1335359811782837,0.5091820359230042,-1.1335359811782837,-0.5091820359230042,NEGATIVE
284,本文,ハハハハハハ」老人は、そこで、さもさも滑稽だと云わぬばかりに笑い出した。,0.5403111577033997,0.523415207862854,0.0,0.0,NEUTRAL
285,本文,そして、変なことには、私も亦、老人に同感して、一緒になって、ゲラゲラと笑ったのである。,0.44259488582611084,0.4573565125465393,0.44259488582611084,0.4573565125465393,POSITIVE
286,本文,「あの人たちは、人間は押絵なんぞになるものじゃないと思い込んでいたのですよ。,0.8103772401809692,0.5679469108581543,0.0,0.0,NEUTRAL
287,本文,でも押絵になった証拠には、その後兄の姿が、ふっつりと、この世から見えなくなってしまったじゃありませんか。,1.5896848440170288,0.8042981624603271,0.0,0.0,NEUTRAL
288,本文,それをも、あの人たちは、家出したのだなんぞと、まるで見当違いな当て推量をしているのですよ。,0.588029146194458,0.4854433238506317,0.0,0.0,NEUTRAL
289,本文,おかしいですね。,1.0520455837249756,0.5051543116569519,-1.0520455837249756,-0.5051543116569519,NEGATIVE
290,本文,結局、私は何と云われても構わず、母にお金をねだって、とうとうその覗き絵を手に入れ、それを持って、箱根から鎌倉の方へ旅をしました。,0.8129439353942871,0.5651558041572571,0.8129439353942871,0.5651558041572571,POSITIVE
291,本文,それはね、兄に新婚旅行がさせてやりたかったからですよ。,1.060940146446228,0.5463398694992065,0.0,0.0,NEUTRAL
292,本文,こうして汽車に乗って居りますと、その時のことを思い出してなりません。,1.2200099229812622,0.6741222739219666,1.2200099229812622,0.6741222739219666,POSITIVE
293,本文,やっぱり、今日の様に、この絵を窓に立てかけて、兄や兄の恋人に、外の景色を見せてやったのですからね。,1.0022048950195312,0.5556960701942444,1.0022048950195312,0.5556960701942444,POSITIVE
294,本文,兄はどんなにか仕合せでございましたろう。,0.8290392756462097,0.5004284977912903,0.0,0.0,NEUTRAL
295,本文,娘の方でも、兄のこれ程の真心を、どうしていやに思いましょう。,0.4921989142894745,0.4591054618358612,0.0,0.0,NEUTRAL
296,本文,二人は本当の新婚者の様に、恥かし相に顔を赤らめながら、お互の肌と肌とを触れ合って、さもむつまじく、尽きぬ睦言を語り合ったものでございますよ。,2.90004825592041,0.9500157833099365,2.90004825592041,0.9500157833099365,POSITIVE
297,本文,その後、父は東京の商売をたたみ、富山近くの故郷へ引込みましたので、それにつれて、私もずっとそこに住んで居りますが、あれからもう三十年の余になりますので、久々で兄にも変った東京が見せてやり度いと思いましてね、こうして兄と一緒に旅をしている訳でございますよ。,2.78757905960083,0.917687177658081,2.78757905960083,0.917687177658081,POSITIVE
298,本文,ところが、あなた、悲しいことには、娘の方は、いくら生きているとは云え、元々人の拵えたものですから、年をとるということがありませんけれど、兄の方は、押絵になっても、それは無理やりに形を変えたまでで、根が寿命のある人間のことですから、私達と同じ様に年をとって参ります。,1.0692963600158691,0.5350425839424133,0.0,0.0,NEUTRAL
299,本文,御覧下さいまし、二十五歳の美少年であった兄が、もうあの様に白髪になって、顔には醜い皺が寄ってしまいました。,0.4184034764766693,0.47522273659706116,0.0,0.0,NEUTRAL
300,本文,兄の身にとっては、どんなにか悲しいことでございましょう。,0.9283073544502258,0.6255937218666077,0.0,0.0,NEUTRAL
301,本文,相手の娘はいつまでも若くて美しいのに、自分ばかりが汚く老込んで行くのですもの。,1.0991475582122803,0.6741832494735718,0.0,0.0,NEUTRAL
302,本文,恐ろしいことです。,0.2488916963338852,0.4248753488063812,0.0,0.0,NEUTRAL
303,本文,兄は悲しげな顔をして居ります。,0.7070866823196411,0.4761351943016052,0.7070866823196411,0.4761351943016052,POSITIVE
304,本文,数年以前から、いつもあんな苦し相な顔をして居ります。,0.650212824344635,0.5325383543968201,0.0,0.0,NEUTRAL
305,本文,それを思うと、私は兄が気の毒で仕様がないのでございますよ」,1.0288182497024536,0.6500594019889832,0.0,0.0,NEUTRAL
306,本文,老人は暗然として押絵の中の老人を見やっていたが、やがて、ふと気がついた様に、,0.8192563652992249,0.4931502938270569,0.0,0.0,NEUTRAL
307,本文,「アア、飛んだ長話を致しました。,0.2940775752067566,0.4113556444644928,0.0,0.0,NEUTRAL
308,本文,併し、あなたは分って下さいましたでしょうね。,1.0370413064956665,0.6674420833587646,0.0,0.0,NEUTRAL
309,本文,外の人達の様に、私を気違いだとはおっしゃいませんでしょうね。,1.1302120685577393,0.6935828924179077,0.0,0.0,NEUTRAL
310,本文,アア、それで私も話甲斐があったと申すものですよ。,0.9144241809844971,0.5588750839233398,0.9144241809844971,0.5588750839233398,POSITIVE
311,本文,どれ、兄さん達もくたびれたでしょう。,0.708487331867218,0.5470593571662903,-0.708487331867218,-0.5470593571662903,NEGATIVE
312,本文,それに、あなた方を前に置いて、あんな話をしましたので、さぞかし恥かしがっておいででしょう。,0.8031396269798279,0.6013827323913574,0.0,0.0,NEUTRAL
313,本文,では、今やすませて上げますよ」,0.7390395402908325,0.5210757255554199,0.7390395402908325,0.5210757255554199,POSITIVE
314,本文,と云いながら、押絵の額を、ソッと黒い風呂敷に包むのであった。,0.9789195656776428,0.639826774597168,0.0,0.0,NEUTRAL
315,本文,その刹那、私の気のせいであったのか、押絵の人形達の顔が、少しくずれて、一寸恥かし相に、唇の隅で、私に挨拶の微笑を送った様に見えたのである。,1.3865150213241577,0.7763423323631287,0.0,0.0,NEUTRAL
316,本文,老人はそれきり黙り込んでしまった。,0.8734856247901917,0.6290867924690247,0.0,0.0,NEUTRAL
317,本文,私も黙っていた。,0.14173366129398346,0.37637168169021606,0.0,0.0,NEUTRAL
318,本文,汽車は相も変らず、ゴトンゴトンと鈍い音を立てて、闇の中を走っていた。,0.29465749859809875,0.39215144515037537,0.29465749859809875,0.39215144515037537,POSITIVE
319,本文,十分ばかりそうしていると、車輪の音がのろくなって、窓の外にチラチラと、二つ三つの燈火が見え、汽車は、どことも知れぬ山間の小駅に停車した。,0.7539581656455994,0.5155153870582581,0.0,0.0,NEUTRAL
320,本文,駅員がたった一人、ぽっつりと、プラットフォームに立っているのが見えた。,0.6495204567909241,0.5327426195144653,0.0,0.0,NEUTRAL
321,本文,「ではお先へ、私は一晩ここの親戚へ泊りますので」,1.236786961555481,0.6314149498939514,1.236786961555481,0.6314149498939514,POSITIVE
322,本文,老人は額の包みを抱てヒョイと立上り、そんな挨拶を残して、車の外へ出て行ったが、窓から見ていると、細長い老人の後姿は（それが何と押絵の老人そのままの姿であったか）簡略な柵の所で、駅員に切符を渡したかと見ると、そのまま、背後の闇の中へ溶け込む様に消えて行ったのである。,0.5247014760971069,0.5128858685493469,0.0,0.0,NEUTRAL
