,type,text,logit_score,pred_score
0,本文,この話が私の夢か私の一時的狂気の幻でなかったならば、あの押絵と旅をしていた男こそ狂人であったに相違ない。だが、夢が時として、どこかこの世界と喰違った別の世界を、チラリと覗かせてくれる様に、又狂人が、我々の全く感じ得ぬ物事を見たり聞いたりすると同じに、これは私が、不可思議な大気のレンズ仕掛けを通して、一刹那、この世の視野の外にある、別の世界の一隅を、ふと隙見したのであったかも知れない。,0.0,0.0
1,本文,いつとも知れぬ、ある暖かい薄曇った日のことである。その時、私は態々魚津へ蜃気楼を見に出掛けた帰り途であった。,-1.4391053915023804,-0.6891173124313354
2,本文,私がこの話をすると、時々、お前は魚津なんかへ行ったことはないじゃないかと、親しい友達に突っ込まれることがある。そう云われて見ると、私は何時の何日に魚津へ行ったのだと、ハッキリ証拠を示すことが出来ぬ。,-2.457914352416992,-0.9404019117355347
3,本文,それではやっぱり夢であったのか。だが私は嘗て、あのように濃厚な色彩を持った夢を見たことがない。,0.0,0.0
4,本文,夢の中の景色は、映画と同じに、全く色彩を伴わぬものであるのに、あの折の汽車の中の景色丈けは、それもあの毒々しい押絵の画面が中心になって、紫と臙脂の勝た色彩で、まるで蛇の眼の瞳孔の様に、生々しく私の記憶に焼ついている。着色映画の夢というものがあるのであろうか。,0.0,0.0
5,本文,私はその時、生れて初めて蜃気楼というものを見た。蛤の息の中に美しい龍宮城の浮んでいる、あの古風な絵を想像していた私は、本物の蜃気楼を見て、膏汗のにじむ様な、恐怖に近い驚きに撃たれた。,-1.6666463613510132,-0.8801125288009644
6,本文,魚津の浜の松並木に豆粒の様な人間がウジャウジャと集まって、息を殺して、眼界一杯の大空と海面とを眺めていた。私はあんな静かな、唖の様にだまっている海を見たことがない。,-0.6720567941665649,-0.5822637677192688
7,本文,日本海は荒海と思い込んでいた私には、それもひどく意外であった。その海は、灰色で、全く小波一つなく、無限の彼方にまで打続く沼かと思われた。,0.0,0.0
8,本文,そして、太平洋の海の様に、水平線はなくて、海と空とは、同じ灰色に溶け合い、厚さの知れぬ靄に覆いつくされた感じであった。空だとばかり思っていた、上部の靄の中を、案外にもそこが海面であって、フワフワと幽霊の様な、大きな白帆が滑って行ったりした。,0.0,0.0
9,本文,蜃気楼とは、乳色のフィルムの表面に墨汁をたらして、それが自然にジワジワとにじんで行くのを、途方もなく巨大な映画にして、大空に映し出した様なものであった。遙かな能登半島の森林が、喰違った大気の変形レンズを通して、すぐ目の前の大空に、焦点のよく合わぬ顕微鏡の下の黒い虫みたいに、曖昧に、しかも馬鹿馬鹿しく拡大されて、見る者の頭上におしかぶさって来るのであった。,0.0,0.0
10,本文,それは、妙な形の黒雲と似ていたけれど、黒雲なればその所在がハッキリ分っているに反し、蜃気楼は、不思議にも、それと見る者との距離が非常に曖昧なのだ。遠くの海上に漂う大入道の様でもあり、ともすれば、眼前一尺に迫る異形の靄かと見え、はては、見る者の角膜の表面に、ポッツリと浮んだ、一点の曇りの様にさえ感じられた。,-1.134700894355774,-0.6605554819107056
11,本文,この距離の曖昧さが、蜃気楼に、想像以上の不気味な気違いめいた感じを与えるのだ。曖昧な形の、真黒な巨大な三角形が、塔の様に積重なって行ったり、またたく間にくずれたり、横に延びて長い汽車の様に走ったり、それが幾つかにくずれ、立並ぶ檜の梢と見えたり、じっと動かぬ様でいながら、いつとはなく、全く違った形に化けて行った。,-0.9245058298110962,-0.5178249478340149
12,本文,蜃気楼の魔力が、人間を気違いにするものであったなら、恐らく私は、少くとも帰り途の汽車の中までは、その魔力を逃れることが出来なかったのであろう。二時間の余も立ち尽して、大空の妖異を眺めていた私は、その夕方魚津を立って、汽車の中に一夜を過ごすまで、全く日常と異った気持でいたことは確である。,-1.4060691595077515,-0.8060847520828247
13,本文,若しかしたら、それは通り魔の様に、人間の心をかすめ冒す所の、一時的狂気の類ででもあったであろうか。魚津の駅から上野への汽車に乗ったのは、夕方の六時頃であった。,-1.8552550077438354,-0.8023112416267395
14,本文,不思議な偶然であろうか、あの辺の汽車はいつでもそうなのか、私の乗った二等車は、教会堂の様にガランとしていて、私の外にたった一人の先客が、向うの隅のクッションに蹲っているばかりであった。汽車は淋しい海岸の、けわしい崕や砂浜の上を、単調な機械の音を響かせて、際しもなく走っている。,0.0,0.0
15,本文,沼の様な海上の、靄の奥深く、黒血の色の夕焼が、ボンヤリと感じられた。異様に大きく見える白帆が、その中を、夢の様に滑っていた。,0.0,0.0
16,本文,少しも風のない、むしむしする日であったから、所々開かれた汽車の窓から、進行につれて忍び込むそよ風も、幽霊の様に尻切れとんぼであった。沢山の短いトンネルと雪除けの柱の列が、広漠たる灰色の空と海とを、縞目に区切って通り過ぎた。,0.0,0.0
17,本文,親不知の断崖を通過する頃、車内の電燈と空の明るさとが同じに感じられた程、夕闇が迫って来た。丁度その時分向うの隅のたった一人の同乗者が、突然立上って、クッションの上に大きな黒繻子の風呂敷を広げ、窓に立てかけてあった、二尺に三尺程の、扁平な荷物を、その中へ包み始めた。,0.0,0.0
18,本文,それが私に何とやら奇妙な感じを与えたのである。その扁平なものは、多分額に相違ないのだが、それの表側の方を、何か特別の意味でもあるらしく、窓ガラスに向けて立てかけてあった。,0.0,0.0
19,本文,一度風呂敷に包んであったものを、態々取出して、そんな風に外に向けて立てかけたものとしか考えられなかった。それに、彼が再び包む時にチラと見た所によると、額の表面に描かれた極彩色の絵が、妙に生々しく、何となく世の常ならず見えたことであった。,0.4298008382320404,0.48797497153282166
20,本文,私は更めて、この変てこな荷物の持主を観察した。そして、持主その人が、荷物の異様さにもまして、一段と異様であったことに驚かされた。,0.0,0.0
21,本文,彼は非常に古風な、我々の父親の若い時分の色あせた写真でしか見ることの出来ない様な、襟の狭い、肩のすぼけた、黒の背広服を着ていたが、併しそれが、背が高くて、足の長い彼に、妙にシックリと合って、甚だ意気にさえ見えたのである。顔は細面で、両眼が少しギラギラし過ぎていた外は、一体によく整っていて、スマートな感じであった。,0.9799811840057373,0.5768195986747742
22,本文,そして、綺麗に分けた頭髪が、豊に黒々と光っているので、一見四十前後であったが、よく注意して見ると、顔中に夥しい皺があって、一飛びに六十位にも見えぬことはなかった。この黒々とした頭髪と、色白の顔面を縦横にきざんだ皺との対照が、初めてそれに気附いた時、私をハッとさせた程も、非常に不気味な感じを与えた。,-0.5261491537094116,-0.5885423421859741
23,本文,彼は叮嚀に荷物を包み終ると、ひょいと私の方に顔を向けたが、丁度私の方でも熱心に相手の動作を眺めていた時であったから、二人の視線がガッチリとぶっつかってしまった。すると、彼は何か恥かし相に唇の隅を曲げて、幽かに笑って見せるのであった。,0.6097353100776672,0.4696122109889984
24,本文,私も思わず首を動かして挨拶を返した。それから、小駅を二三通過する間、私達はお互の隅に坐ったまま、遠くから、時々視線をまじえては、気まずく外方を向くことを、繰返していた。,0.0,0.0
25,本文,外は全く暗闇になっていた。窓ガラスに顔を押しつけて覗いて見ても、時たま沖の漁船の舷燈が遠く遠くポッツリと浮んでいる外には、全く何の光りもなかった。,-1.6955976486206055,-0.8045306205749512
26,本文,際涯のない暗闇の中に、私達の細長い車室丈けが、たった一つの世界の様に、いつまでもいつまでも、ガタンガタンと動いて行った。そのほの暗い車室の中に、私達二人丈けを取り残して、全世界が、あらゆる生き物が、跡方もなく消え失せてしまった感じであった。,-1.5296051502227783,-0.8474169373512268
27,本文,私達の二等車には、どの駅からも一人の乗客もなかったし、列車ボーイや車掌も一度も姿を見せなかった。そういう事も今になって考えて見ると、甚だ奇怪に感じられるのである。,-2.237285614013672,-0.9246118068695068
28,本文,私は、四十歳にも六十歳にも見える、西洋の魔術師の様な風采のその男が、段々怖くなって来た。怖さというものは、外にまぎれる事柄のない場合には、無限に大きく、身体中一杯に拡がって行くものである。,-2.7681725025177,-0.969884991645813
29,本文,私は遂には、産毛の先までも怖さが満ちて、たまらなくなって、突然立上ると、向うの隅のその男の方へツカツカと歩いて行った。その男がいとわしく、恐ろしければこそ、私はその男に近づいて行ったのであった。,-0.34179115295410156,-0.512224018573761
30,本文,私は彼と向き合ったクッションへ、そっと腰をおろし、近寄れば一層異様に見える彼の皺だらけの白い顔を、私自身が妖怪ででもある様な、一種不可思議な、顛倒した気持で、目を細く息を殺してじっと覗き込んだものである。男は、私が自分の席を立った時から、ずっと目で私を迎える様にしていたが、そうして私が彼の顔を覗き込むと、待ち受けていた様に、顎で傍らの例の扁平な荷物を指し示し、何の前置きもなく、さもそれが当然の挨拶ででもある様に、,0.0,0.0
31,本文,「これでございますか」と云った。,0.0,0.0
32,本文,その口調が、余り当り前であったので、私は却て、ギョッとした程であった。「これが御覧になりたいのでございましょう」,1.735029935836792,0.8608282804489136
33,本文,私が黙っているので、彼はもう一度同じことを繰返した。「見せて下さいますか」,0.0,0.0
34,本文,私は相手の調子に引込まれて、つい変なことを云ってしまった。私は決してその荷物を見たい為に席を立った訳ではなかったのだけれど。,-2.4628028869628906,-0.9105096459388733
35,本文,「喜んで御見せ致しますよ。わたくしは、さっきから考えていたのでございますよ。,1.6925148963928223,0.7524586319923401
36,本文,あなたはきっとこれを見にお出でなさるだろうとね」男は――寧ろ老人と云った方がふさわしいのだが――そう云いながら、長い指で、器用に大風呂敷をほどいて、その額みたいなものを、今度は表を向けて、窓の所へ立てかけたのである。,0.0,0.0
37,本文,私は一目チラッと、その表面を見ると、思わず目をとじた。何故であったか、その理由は今でも分らないのだが、何となくそうしなければならぬ感じがして、数秒の間目をふさいでいた。,-2.200201988220215,-0.8793898820877075
38,本文,再び目を開いた時、私の前に、嘗て見たことのない様な、奇妙なものがあった。と云って、私はその「奇妙」な点をハッキリと説明する言葉を持たぬのだが。,-1.6587843894958496,-0.7778225541114807
39,本文,額には歌舞伎芝居の御殿の背景みたいに、幾つもの部屋を打抜いて、極度の遠近法で、青畳と格子天井が遙か向うの方まで続いている様な光景が、藍を主とした泥絵具で毒々しく塗りつけてあった。左手の前方には、墨黒々と不細工な書院風の窓が描かれ、同じ色の文机が、その傍に角度を無視した描き方で、据えてあった。,0.0,0.0
40,本文,それらの背景は、あの絵馬札の絵の独特な画風に似ていたと云えば、一番よく分るであろうか。その背景の中に、一尺位の丈の二人の人物が浮き出していた。,0.0,0.0
41,本文,浮き出していたと云うのは、その人物丈けが、押絵細工で出来ていたからである。黒天鵞絨の古風な洋服を着た白髪の老人が、窮屈そうに坐っていると、（不思議なことには、その容貌が、髪の色を除くと、額の持主の老人にそのままなばかりか、着ている洋服の仕立方までそっくりであった）緋鹿の子の振袖に、黒繻子の帯の映りのよい十七八の、水のたれる様な結綿の美少女が、何とも云えぬ嬌羞を含んで、その老人の洋服の膝にしなだれかかっている、謂わば芝居の濡れ場に類する画面であった。,0.0,0.0
42,本文,洋服の老人と色娘の対照と、甚だ異様であったことは云うまでもないが、だが私が「奇妙」に感じたというのはそのことではない。背景の粗雑に引かえて、押絵の細工の精巧なことは驚くばかりであった。,0.2736632227897644,0.46960991621017456
43,本文,顔の部分は、白絹は凹凸を作って、細い皺まで一つ一つ現わしてあったし、娘の髪は、本当の毛髪を一本一本植えつけて、人間の髪を結う様に結ってあり、老人の頭は、これも多分本物の白髪を、丹念に植えたものに相違なかった。洋服には正しい縫い目があり、適当な場所に粟粒程の釦までつけてあるし、娘の乳のふくらみと云い、腿のあたりの艶めいた曲線と云い、こぼれた緋縮緬、チラと見える肌の色、指には貝殻の様な爪が生えていた。,0.0,0.0
44,本文,虫眼鏡で覗いて見たら、毛穴や産毛まで、ちゃんと拵えてあるのではないかと思われた程である。私は押絵と云えば、羽子板の役者の似顔の細工しか見たことがなかったが、そして、羽子板の細工にも、随分精巧なものもあるのだけれど、この押絵は、そんなものとは、まるで比較にもならぬ程、巧緻を極めていたのである。,1.0889736413955688,0.645373523235321
45,本文,恐らくその道の名人の手に成ったものであろうか。だが、それが私の所謂「奇妙」な点ではなかった。,0.0,0.0
46,本文,額全体が余程古いものらしく、背景の泥絵具は所々はげ落ていたし、娘の緋鹿の子も、老人の天鵞絨も、見る影もなく色あせていたけれど、はげ落ち色あせたなりに、名状し難き毒々しさを保ち、ギラギラと、見る者の眼底に焼つく様な生気を持っていたことも、不思議と云えば不思議であった。だが、私の「奇妙」という意味はそれでもない。,0.0,0.0
47,本文,それは、若し強て云うならば、押絵の人物が二つとも、生きていたことである。文楽の人形芝居で、一日の演技の内に、たった一度か二度、それもほんの一瞬間、名人の使っている人形が、ふと神の息吹をかけられでもした様に、本当に生きていることがあるものだが、この押絵の人物は、その生きた瞬間の人形を、命の逃げ出す隙を与えず、咄嗟の間に、そのまま板にはりつけたという感じで、永遠に生きながらえているかと見えたのである。,1.2518779039382935,0.7307261824607849
48,本文,私の表情に驚きの色を見て取ったからか、老人は、いとたのもしげな口調で、殆ど叫ぶ様に、「アア、あなたは分って下さるかも知れません」,0.0,0.0
49,本文,と云いながら、肩から下げていた、黒革のケースを、叮嚀に鍵で開いて、その中から、いとも古風な双眼鏡を取り出してそれを私の方へ差出すのであった。「コレ、この遠眼鏡で一度御覧下さいませ。,0.0,0.0
50,本文,イエ、そこからでは近すぎます。失礼ですが、もう少しあちらの方から。,-1.9100147485733032,-0.8237947225570679
51,本文,左様丁度その辺がようございましょう」誠に異様な頼みではあったけれど、私は限りなき好奇心のとりことなって、老人の云うがままに、席を立って額から五六歩遠ざかった。,0.0,0.0
52,本文,老人は私の見易い様に、両手で額を持って、電燈にかざしてくれた。今から思うと、実に変てこな、気違いめいた光景であったに相違ないのである。,-0.18307818472385406,-0.4533139765262604
53,本文,遠眼鏡と云うのは、恐らく二三十年も以前の舶来品であろうか、私達が子供の時分、よく眼鏡屋の看板で見かけた様な、異様な形のプリズム双眼鏡であったが、それが手摺れの為に、黒い覆皮がはげて、所々真鍮の生地が現われているという、持主の洋服と同様に、如何にも古風な、物懐かしい品物であった。私は珍らしさに、暫くその双眼鏡をひねくり廻していたが、やがて、それを覗く為に、両手で眼の前に持って行った時である。,0.0,0.0
54,本文,突然、実に突然、老人が悲鳴に近い叫声を立てたので、私は、危く眼鏡を取落す所であった。「いけません。,-3.0752029418945312,-0.9798579216003418
55,本文,いけません。それはさかさですよ。,0.0,0.0
56,本文,さかさに覗いてはいけません。いけません」,-2.029315948486328,-0.8806155323982239
57,本文,老人は、真青になって、目をまんまるに見開いて、しきりと手を振っていた。双眼鏡を逆に覗くことが、何ぜそれ程大変なのか、私は老人の異様な挙動を理解することが出来なかった。,-3.3187222480773926,-0.986690878868103
58,本文,「成程、成程、さかさでしたっけ」私は双眼鏡を覗くことに気を取られていたので、この老人の不審な表情を、さして気にもとめず、眼鏡を正しい方向に持ち直すと、急いでそれを目に当てて押絵の人物を覗いたのである。,0.0,0.0
59,本文,焦点が合って行くに従って、二つの円形の視野が、徐々に一つに重なり、ボンヤリとした虹の様なものが、段々ハッキリして来ると、びっくりする程大きな娘の胸から上が、それが全世界ででもある様に、私の眼界一杯に拡がった。あんな風な物の現われ方を、私はあとにも先にも見たことがないので、読む人に分らせるのが難儀なのだが、それに近い感じを思い出して見ると、例えば、舟の上から、海にもぐった蜑の、ある瞬間の姿に似ていたとでも形容すべきであろうか。,0.0,0.0
60,本文,蜑の裸身が、底の方にある時は、青い水の層の複雑な動揺の為に、その身体が、まるで海草の様に、不自然にクネクネと曲り、輪廓もぼやけて、白っぽいお化みたいに見えているが、それが、つうッと浮上って来るに従って、水の層の青さが段々薄くなり、形がハッキリして来て、ポッカリと水上に首を出すと、その瞬間、ハッと目が覚めた様に、水中の白いお化が、忽ち人間の正体を現わすのである。丁度それと同じ感じで、押絵の娘は、双眼鏡の中で、私の前に姿を現わし、実物大の、一人の生きた娘として、蠢き始めたのである。,0.0,0.0
61,本文,十九世紀の古風なプリズム双眼鏡の玉の向う側には、全く私達の思いも及ばぬ別世界があって、そこに結綿の色娘と、古風な洋服の白髪男とが、奇怪な生活を営んでいる。覗いては悪いものを、私は今魔法使に覗かされているのだ。,-0.9739993810653687,-0.583902895450592
62,本文,といった様な形容の出来ない変てこな気持で、併し私は憑かれた様にその不可思議な世界に見入ってしまった。娘は動いていた訳ではないが、その全身の感じが、肉眼で見た時とは、ガラリと変って、生気に満ち、青白い顔がやや桃色に上気し、胸は脈打ち（実際私は心臓の鼓動をさえ聞いた）肉体からは縮緬の衣裳を通して、むしむしと、若い女の生気が蒸発して居る様に思われた。,0.0,0.0
63,本文,私は一渡り、女の全身を、双眼鏡の先で、嘗め廻してから、その娘がしなだれ掛っている、仕合せな白髪男の方へ眼鏡を転じた。老人も、双眼鏡の世界で、生きていたことは同じであったが、見た所四十程も年の違う、若い女の肩に手を廻して、さも幸福そうな形でありながら、妙なことには、レンズ一杯の大きさに写った、彼の皺の多い顔が、その何百本の皺の底で、いぶかしく苦悶の相を現わしているのである。,0.5304905772209167,0.49411049485206604
64,本文,それは、老人の顔がレンズの為に眼前一尺の近さに、異様に大きく迫っていたからでもあったであろうが、見つめていればいる程、ゾッと怖くなる様な、悲痛と恐怖との混り合った一種異様の表情であった。それを見ると、私はうなされた様な気分になって、双眼鏡を覗いていることが、耐え難く感じられたので、思わず、目を離して、キョロキョロとあたりを見廻した。,-1.231086254119873,-0.7689756751060486
65,本文,すると、それはやっぱり淋しい夜の汽車の中であって、押絵の額も、それをささげた老人の姿も、元のままで、窓の外は真暗だし、単調な車輪の響も、変りなく聞えていた。悪夢から醒めた気持であった。,0.9194703102111816,0.6339338421821594
66,本文,「あなた様は、不思議相な顔をしておいでなさいますね」老人は額を、元の窓の所へ立てかけて、席につくと、私にもその向う側へ坐る様に、手真似をしながら、私の顔を見つめて、こんなことを云った。,0.0,0.0
67,本文,「私の頭が、どうかしている様です。いやに蒸しますね」,0.0,0.0
68,本文,私はてれ隠しみたいな挨拶をした。すると老人は、猫背になって、顔をぐっと私の方へ近寄せ、膝の上で細長い指を合図でもする様に、ヘラヘラと動かしながら、低い低い囁き声になって、,0.0,0.0
69,本文,「あれらは、生きて居りましたろう」と云った。,0.0,0.0
70,本文,そして、さも一大事を打開けるといった調子で、一層猫背になって、ギラギラした目をまん丸に見開いて、私の顔を穴のあく程見つめながら、こんなことを囁くのであった。「あなたは、あれらの、本当の身の上話を聞き度いとはおぼしめしませんかね」,0.0,0.0
71,本文,私は汽車の動揺と、車輪の響の為に、老人の低い、呟く様な声を、聞き間違えたのではないかと思った。「身の上話とおっしゃいましたか」,-2.2279975414276123,-0.8494300842285156
72,本文,「身の上話でございますよ」老人はやっぱり低い声で答えた。「殊に、一方の、白髪の老人の身の上話をでございますよ」,0.0,0.0
73,本文,「若い時分からのですか」私も、その晩は、何故か妙に調子はずれな物の云い方をした。,0.0,0.0
74,本文,「ハイ、あれが二十五歳の時のお話でございますよ」「是非うかがいたいものですね」,0.0,0.0
75,本文,私は、普通の生きた人間の身の上話をでも催促する様に、ごく何でもないことの様に、老人をうながしたのである。すると、老人は顔の皺を、さも嬉しそうにゆがめて、「アア、あなたは、やっぱり聞いて下さいますね」と云いながら、さて、次の様な世にも不思議な物語を始めたのであった。,0.0,0.0
76,本文,「それはもう、一生涯の大事件ですから、よく記憶して居りますが、明治二十八年の四月の、兄があんなに（と云って彼は押絵の老人を指さした）なりましたのが、二十七日の夕方のことでござりました。当時、私も兄も、まだ部屋住みで、住居は日本橋通三丁目でして、親爺が呉服商を営んで居りましたがね。,0.0,0.0
77,本文,何でも浅草の十二階が出来て、間もなくのことでございましたよ。だもんですから、兄なんぞは、毎日の様にあの凌雲閣へ昇って喜んでいたものです。,1.5019711256027222,0.761016845703125
78,本文,と申しますのが、兄は妙に異国物が好きで、新しがり屋でござんしたからね。この遠眼鏡にしろ、やっぱりそれで、兄が外国船の船長の持物だったという奴を、横浜の支那人町の、変てこな道具屋の店先で、めっけて来ましてね。,0.0,0.0
79,本文,当時にしちゃあ、随分高いお金を払ったと申して居りましたっけ」老人は「兄が」と云うたびに、まるでそこにその人が坐ってでもいる様に、押絵の老人の方に目をやったり、指さしたりした。,0.0,0.0
80,本文,老人は彼の記憶にある本当の兄と、その押絵の白髪の老人とを、混同して、押絵が生きて彼の話を聞いてでもいる様な、すぐ側に第三者を意識した様な話し方をした。だが、不思議なことに、私はそれを少しもおかしいとは感じなかった。,0.0,0.0
81,本文,私達はその瞬間、自然の法則を超越した、我々の世界とどこかで喰違っている処の、別の世界に住んでいたらしいのである。「あなたは、十二階へ御昇りなすったことがおありですか。,0.9279955625534058,0.5679677128791809
82,本文,アア、おありなさらない。それは残念ですね。,-3.977965831756592,-0.9954231381416321
83,本文,あれは一体どこの魔法使が建てましたものか、実に途方もない、変てこれんな代物でございましたよ。表面は伊太利の技師のバルトンと申すものが設計したことになっていましたがね。,0.0,0.0
84,本文,まあ考えて御覧なさい。その頃の浅草公園と云えば、名物が先ず蜘蛛男の見世物、娘剣舞に、玉乗り、源水の独楽廻しに、覗きからくりなどで、せいぜい変った所が、お富士さまの作り物に、メーズと云って、八陣隠れ杉の見世物位でございましたからね。,0.0,0.0
85,本文,そこへあなた、ニョキニョキと、まあ飛んでもない高い煉瓦造りの塔が出来ちまったんですから、驚くじゃござんせんか。高さが四十六間と申しますから、半丁の余で、八角型の頂上が、唐人の帽子みたいに、とんがっていて、ちょっと高台へ昇りさえすれば、東京中どこからでも、その赤いお化が見られたものです。,0.0,0.0
86,本文,今も申す通り、明治二十八年の春、兄がこの遠眼鏡を手に入れて間もない頃でした。兄の身に妙なことが起って参りました。,0.7846706509590149,0.5913266539573669
87,本文,親爺なんぞ、兄め気でも違うのじゃないかって、ひどく心配して居りましたが、私もね、お察しでしょうが、馬鹿に兄思いでしてね、兄の変てこれんなそぶりが、心配で心配でたまらなかったものです。どんな風かと申しますと、兄はご飯もろくろくたべないで、家内の者とも口を利かず、家にいる時は一間にとじ籠って考え事ばかりしている。,-2.2404608726501465,-0.891395092010498
88,本文,身体は痩せてしまい、顔は肺病やみの様に土気色で、目ばかりギョロギョロさせている。尤も平常から顔色のいい方じゃあござんせんでしたがね。,-2.433824062347412,-0.9433835744857788
89,本文,それが一倍青ざめて、沈んでいるのですから、本当に気の毒な様でした。その癖ね、そんなでいて、毎日欠かさず、まるで勤めにでも出る様に、おひるッから、日暮れ時分まで、フラフラとどっかへ出掛けるんです。,-3.3588390350341797,-0.986718475818634
90,本文,どこへ行くのかって、聞いて見ても、ちっとも云いません。母親が心配して、兄のふさいでいる訳を、手を変え品を変え尋ねても、少しも打開けません。,-2.3674464225769043,-0.9328194856643677
91,本文,そんなことが一月程も続いたのですよ。あんまり心配だものだから、私はある日、兄が一体どこへ出掛るのかと、ソッとあとをつけました。,-2.392534017562866,-0.9024711847305298
92,本文,そうする様に、母親が私に頼むもんですからね。兄はその日も、丁度今日の様などんよりとした、いやな日でござんしたが、おひる過から、その頃兄の工風で仕立てさせた、当時としては飛び切りハイカラな、黒天鵞絨の洋服を着ましてね、この遠眼鏡を肩から下げ、ヒョロヒョロと、日本橋通りの、馬車鉄道の方へ歩いて行くのです。,0.0,0.0
93,本文,私は兄に気どられぬ様に、ついて行った訳ですよ。よござんすか。,-2.799046039581299,-0.957920253276825
94,本文,しますとね、兄は上野行きの馬車鉄道を待ち合わせて、ひょいとそれに乗り込んでしまったのです。当今の電車と違って、次の車に乗ってあとをつけるという訳には行きません。,-1.77920663356781,-0.8056041598320007
95,本文,何しろ車台が少のござんすからね。私は仕方がないので母親に貰ったお小遣いをふんぱつして、人力車に乗りました。,-1.3982349634170532,-0.745309591293335
96,本文,人力車だって、少し威勢のいい挽子なれば馬車鉄道を見失わない様に、あとをつけるなんぞ、訳なかったものでございますよ。兄が馬車鉄道を降りると、私も人力車を降りて、又テクテクと跡をつける。,0.02690659463405609,-0.3480701148509979
97,本文,そうして、行きついた所が、なんと浅草の観音様じゃございませんか。兄は仲店から、お堂の前を素通りして、お堂裏の見世物小屋の間を、人波をかき分ける様にしてさっき申上げた十二階の前まで来ますと、石の門を這入って、お金を払って「凌雲閣」という額の上った入口から、塔の中へ姿を消したじゃあございませんか。,0.0,0.0
98,本文,まさか兄がこんな所へ、毎日毎日通っていようとは、夢にも存じませんので、私はあきれてしまいましたよ。子供心にね、私はその時まだ二十にもなってませんでしたので、兄はこの十二階の化物に魅入られたんじゃないかなんて、変なことを考えたものですよ。,-1.278530240058899,-0.6180241703987122
99,本文,私は十二階へは、父親につれられて、一度昇った切りで、その後行ったことがありませんので、何だか気味が悪い様に思いましたが、兄が昇って行くものですから、仕方がないので、私も、一階位おくれて、あの薄暗い石の段々を昇って行きました。窓も大きくございませんし、煉瓦の壁が厚うござんすので、穴蔵の様に冷々と致しましてね。,-1.275803804397583,-0.7325782179832458
100,本文,それに日清戦争の当時ですから、その頃は珍らしかった、戦争の油絵が、一方の壁にずっと懸け並べてあります。まるで狼みたいな、おっそろしい顔をして、吠えながら、突貫している日本兵や、剣つき鉄砲に脇腹をえぐられ、ふき出す血のりを両手で押さえて、顔や唇を紫色にしてもがいている支那兵や、ちょんぎられた辮髪の頭が、風船玉の様に空高く飛上っている所や、何とも云えない毒々しい、血みどろの油絵が、窓からの薄暗い光線で、テラテラと光っているのでございますよ。,0.0,0.0
101,本文,その間を、陰気な石の段々が、蝸牛の殻みたいに、上へ上へと際限もなく続いて居ります。本当に変てこれんな気持ちでしたよ。,-2.2275848388671875,-0.9261732697486877
102,本文,頂上は八角形の欄干丈けで、壁のない、見晴らしの廊下になっていましてね、そこへたどりつくと、俄にパッと明るくなって、今までの薄暗い道中が長うござんしただけに、びっくりしてしまいます。雲が手の届きそうな低い所にあって、見渡すと、東京中の屋根がごみみたいに、ゴチャゴチャしていて、品川の御台場が、盆石の様に見えて居ります。,0.0,0.0
103,本文,目まいがしそうなのを我慢して、下を覗きますと、観音様の御堂だってずっと低い所にありますし、小屋掛けの見世物が、おもちゃの様で、歩いている人間が、頭と足ばかりに見えるのです。頂上には、十人余りの見物が一かたまりになっておっかな相な顔をして、ボソボソ小声で囁きながら、品川の海の方を眺めて居りましたが、兄はと見ると、それとは離れた場所に、一人ぼっちで、遠眼鏡を目に当てて、しきりと浅草の境内を眺め廻して居りました。,0.0,0.0
104,本文,それをうしろから見ますと、白っぽくどんよりどんよりとした雲ばかりの中に、兄の天鵞絨の洋服姿が、クッキリと浮上って、下の方のゴチャゴチャしたものが何も見えぬものですから、兄だということは分っていましても、何だか西洋の油絵の中の人物みたいな気持がして、神々しい様で、言葉をかけるのも憚られた程でございましたっけ。でも、母の云いつけを思い出しますと、そうもしていられませんので、私は兄のうしろに近づいて『兄さん何を見ていらっしゃいます』と声をかけたのでございます。,0.0,0.0
105,本文,兄はビクッとして、振向きましたが、気拙い顔をして何も云いません。私は『兄さんの此頃の御様子には、御父さんもお母さんも大変心配していらっしゃいます。,-2.5028154850006104,-0.947079062461853
106,本文,毎日毎日どこへ御出掛なさるのかと不思議に思って居りましたら、兄さんはこんな所へ来ていらしったのでございますね。どうかその訳を云って下さいまし。,0.0,0.0
107,本文,日頃仲よしの私に丈けでも打開けて下さいまし』と、近くに人のいないのを幸いに、その塔の上で、兄をかき口説いたものですよ。仲々打開けませんでしたが、私が繰返し繰返し頼むものですから、兄も根負けをしたと見えまして、とうとう一ヶ月来の胸の秘密を私に話してくれました。,1.865054726600647,0.8783136010169983
108,本文,ところが、その兄の煩悶の原因と申すものが、これが又誠に変てこれんな事柄だったのでございますよ。兄が申しますには、一月ばかり前に、十二階へ昇りまして、この遠眼鏡で観音様の境内を眺めて居りました時、人込みの間に、チラッと、一人の娘の顔を見たのだ相でございます。,0.0,0.0
109,本文,その娘が、それはもう何とも云えない、この世のものとも思えない、美しい人で、日頃女には一向冷淡であった兄も、その遠眼鏡の中の娘丈けには、ゾッと寒気がした程も、すっかり心を乱されてしまったと申しますよ。その時兄は、一目見た丈けで、びっくりして、遠眼鏡をはずしてしまったものですから、もう一度見ようと思って、同じ見当を夢中になって探した相ですが、眼鏡の先が、どうしてもその娘の顔にぶっつかりません。,-1.6855815649032593,-0.8312837481498718
110,本文,遠眼鏡では近くに見えても実際は遠方のことですし、沢山の人混みの中ですから、一度見えたからと云って、二度目に探し出せると極まったものではございませんからね。それからと申すもの、兄はこの眼鏡の中の美しい娘が忘れられず、極々内気なひとでしたから、古風な恋わずらいをわずらい始めたのでございます。,-0.9153268337249756,-0.5324413180351257
111,本文,今のお人はお笑いなさるかも知れませんが、その頃の人間は、誠におっとりしたものでして、行きずりに一目見た女を恋して、わずらいついた男なども多かった時代でございますからね。云うまでもなく、兄はそんなご飯もろくろくたべられない様な、衰えた身体を引きずって、又その娘が観音様の境内を通りかかることもあろうかと悲しい空頼みから、毎日毎日、勤めの様に、十二階に昇っては、眼鏡を覗いていた訳でございます。,-1.9389103651046753,-0.845673143863678
112,本文,恋というものは、不思議なものでございますね。兄は私に打開けてしまうと、又熱病やみの様に眼鏡を覗き始めましたっけが、私は兄の気持にすっかり同情致しましてね、千に一つも望みのない、無駄な探し物ですけれど、お止しなさいと止めだてする気も起らず、余りのことに涙ぐんで、兄のうしろ姿をじっと眺めていたものですよ。,0.0,0.0
113,本文,するとその時……ア、私はあの怪しくも美しかった光景を、忘れることが出来ません。三十年以上も昔のことですけれど、こうして眼をふさぎますと、その夢の様な色どりが、まざまざと浮んで来る程でございます。,0.6414555311203003,0.5234106183052063
114,本文,さっきも申しました通り、兄のうしろに立っていますと、見えるものは、空ばかりで、モヤモヤとした、むら雲の中に、兄のほっそりとした洋服姿が、絵の様に浮上って、むら雲の方で動いているのを、兄の身体が宙に漂うかと見誤るばかりでございました。がそこへ、突然、花火でも打上げた様に、白っぽい大空の中を、赤や青や紫の無数の玉が、先を争って、フワリフワリと昇って行ったのでございます。,0.0,0.0
115,本文,お話したのでは分りますまいが、本当に絵の様で、又何かの前兆の様で、私は何とも云えない怪しい気持になったものでした。何であろうと、急いで下を覗いて見ますと、どうかしたはずみで、風船屋が粗相をして、ゴム風船を、一度に空へ飛ばしたものと分りましたが、その時分は、ゴム風船そのものが、今よりはずっと珍らしゅうござんしたから正体が分っても、私はまだ妙な気持がして居りましたものですよ。,0.0,0.0
116,本文,妙なもので、それがきっかけになったという訳でもありますまいが、丁度その時、兄は非常に興奮した様子で、青白い顔をぽっと赤らめ息をはずませて、私の方へやって参り、いきなり私の手をとって『さあ行こう。早く行かぬと間に合わぬ』と申して、グングン私を引張るのでございます。,0.9594540596008301,0.5942275524139404
117,本文,引張られて、塔の石段をかけ降りながら、訳を尋ねますと、いつかの娘さんが見つかったらしいので、青畳を敷いた広い座敷に坐っていたから、これから行っても大丈夫元の所にいると申すのでございます。兄が見当をつけた場所というのは、観音堂の裏手の、大きな松の木が目印で、そこに広い座敷があったと申すのですが、さて、二人でそこへ行って、探して見ましても、松の木はちゃんとありますけれど、その近所には、家らしい家もなく、まるで狐につままれた様な鹽梅なのですよ。,0.0,0.0
118,本文,兄の気の迷いだとは思いましたが、しおれ返っている様子が、余り気の毒だものですから、気休めに、その辺の掛茶屋などを尋ね廻って見ましたけれども、そんな娘さんの影も形もありません。探している間に、兄と分れ分れになってしまいましたが、掛茶屋を一巡して、暫くたって元の松の木の下へ戻って参りますとね、そこには色々な露店に並んで、一軒の覗きからくり屋が、ピシャンピシャンと鞭の音を立てて、商売をして居りましたが、見ますと、その覗きの眼鏡を、兄が中腰になって、一生懸命覗いていたじゃございませんか。,0.0,0.0
119,本文,『兄さん何をしていらっしゃる』と云って、肩を叩きますと、ビックリして振向きましたが、その時の兄の顔を、私は今だに忘れることが出来ませんよ。何と申せばよろしいか、夢を見ている様なとでも申しますか、顔の筋がたるんでしまって、遠い所を見ている目つきになって、私に話す声さえも、変にうつろに聞えたのでございます。,-1.0365241765975952,-0.7349686622619629
120,本文,そして、『お前、私達が探していた娘さんはこの中にいるよ』と申すのです。そう云われたものですから、私は急いでおあしを払って、覗きの眼鏡を覗いて見ますと、それは八百屋お七の覗きからくりでした。,0.0,0.0
121,本文,丁度吉祥寺の書院で、お七が吉三にしなだれかかっている絵が出て居りました。忘れもしません。,0.0,0.0
122,本文,からくり屋の夫婦者は、しわがれ声を合せて、鞭で拍子を取りながら、『膝でつっらついて、目で知らせ』と申す文句を歌っている所でした。アア、あの『膝でつっらついて、目で知らせ』という変な節廻しが、耳についている様でございます。,0.0,0.0
123,本文,覗き絵の人物は押絵になって居りましたが、その道の名人の作であったのでしょうね。お七の顔の生々として綺麗であったこと。,2.408388376235962,0.9170178771018982
124,本文,私の目にさえ本当に生きている様に見えたのですから、兄があんなことを申したのも、全く無理はありません。兄が申しますには『仮令この娘さんが、拵えものの押絵だと分っても、私はどうもあきらめられない。,-0.4477322995662689,-0.5238544940948486
125,本文,悲しいことだがあきらめられない。たった一度でいい、私もあの吉三の様な、押絵の中の男になって、この娘さんと話がして見たい』と云って、ぼんやりと、そこに突っ立ったまま、動こうともしないのでございます。,-1.6894820928573608,-0.8298512101173401
126,本文,考えて見ますとその覗きからくりの絵が、光線を取る為に上の方が開けてあるので、それが斜めに十二階の頂上からも見えたものに違いありません。その時分には、もう日が暮かけて、人足もまばらになり、覗きの前にも、二三人のおかっぱの子供が、未練らしく立去り兼ねて、うろうろしているばかりでした。,-1.2981072664260864,-0.635793149471283
127,本文,昼間からどんよりと曇っていたのが、日暮には、今にも一雨来そうに、雲が下って来て、一層圧えつけられる様な、気でも狂うのじゃないかと思う様な、いやな天候になって居りました。そして、耳の底にドロドロと太鼓の鳴っている様な音が聞えているのですよ。,-1.3128138780593872,-0.7156189680099487
128,本文,その中で、兄は、じっと遠くの方を見据えて、いつまでもいつまでも、立ちつくして居りました。その間が、たっぷり一時間はあった様に思われます。,0.0,0.0
129,本文,もうすっかり暮切って、遠くの玉乗りの花瓦斯が、チロチロと美しく輝き出した時分に、兄はハッと目が醒めた様に、突然私の腕を掴んで『アア、いいことを思いついた。お前、お頼みだから、この遠眼鏡をさかさにして、大きなガラス玉の方を目に当てて、そこから私を見ておくれでないか』と、変なことを云い出しました。,-0.6864310503005981,-0.6232843995094299
130,本文,『何故です』って尋ねても、『まあいいから、そうしてお呉れな』と申して聞かないのでございます。一体私は生れつき眼鏡類を、余り好みませんので、遠眼鏡にしろ、顕微鏡にしろ、遠い所の物が、目の前へ飛びついて来たり、小さな虫けらが、けだものみたいに大きくなる、お化じみた作用が薄気味悪いのですよ。,-3.0592920780181885,-0.9765409827232361
131,本文,で、兄の秘蔵の遠眼鏡も、余り覗いたことがなく、覗いたことが少い丈けに、余計それが魔性の器械に思われたものです。しかも、日が暮て人顔もさだかに見えぬ、うすら淋しい観音堂の裏で、遠眼鏡をさかさにして、兄を覗くなんて、気違いじみてもいますれば、薄気味悪くもありましたが、兄がたって頼むものですから、仕方なく云われた通りにして覗いたのですよ。,0.0,0.0
132,本文,さかさに覗くのですから、二三間向うに立っている兄の姿が、二尺位に小さくなって、小さい丈けに、ハッキリと、闇の中に浮出して見えるのです。外の景色は何も映らないで、小さくなった兄の洋服姿丈けが、眼鏡の真中に、チンと立っているのです。,0.0,0.0
133,本文,それが、多分兄があとじさりに歩いて行ったのでしょう。見る見る小さくなって、とうとう一尺位の、人形みたいな可愛らしい姿になってしまいました。,0.0,0.0
134,本文,そして、その姿が、ツーッと宙に浮いたかと見ると、アッと思う間に、闇の中へ溶け込んでしまったのでございます。私は怖くなって、（こんなことを申すと、年甲斐もないと思召ましょうが、その時は、本当にゾッと、怖さが身にしみたものですよ）いきなり眼鏡を離して、「兄さん」と呼んで、兄の見えなくなった方へ走り出しました。,-1.8208461999893188,-0.844266951084137
135,本文,ですが、どうした訳か、いくら探しても探しても兄の姿が見えません。時間から申しても、遠くへ行った筈はないのに、どこを尋ねても分りません。,-2.495877742767334,-0.9547405242919922
136,本文,なんと、あなた、こうして私の兄は、それっきり、この世から姿を消してしまったのでございますよ……それ以来というもの、私は一層遠眼鏡という魔性の器械を恐れる様になりました。殊にも、このどこの国の船長とも分らぬ、異人の持物であった遠眼鏡が、特別いやでして、外の眼鏡は知らず、この眼鏡丈けは、どんなことがあっても、さかさに見てはならぬ。,-1.2200678586959839,-0.7351667284965515
137,本文,さかさに覗けば凶事が起ると、固く信じているのでございます。あなたがさっき、これをさかさにお持ちなすった時、私が慌ててお止め申した訳がお分りでございましょう。,0.0,0.0
138,本文,ところが、長い間探し疲れて、元の覗き屋の前へ戻って参った時でした。私はハタとある事に気がついたのです。,-1.1164627075195312,-0.6412795782089233
139,本文,と申すのは、兄は押絵の娘に恋こがれた余り、魔性の遠眼鏡の力を借りて、自分の身体を押絵の娘と同じ位の大きさに縮めて、ソッと押絵の世界へ忍び込んだのではあるまいかということでした。そこで、私はまだ店をかたづけないでいた覗き屋に頼みまして、吉祥寺の場を見せて貰いましたが、なんとあなた、案の定、兄は押絵になって、カンテラの光りの中で、吉三の代りに、嬉し相な顔をして、お七を抱きしめていたではありませんか。,0.7236350774765015,0.5018018484115601
140,本文,でもね、私は悲しいとは思いませんで、そうして本望を達した、兄の仕合せが、涙の出る程嬉しかったものですよ。私はその絵をどんなに高くてもよいから、必ず私に譲ってくれと、覗き屋に固い約束をして、（妙なことに、小姓の吉三の代りに洋服姿の兄が坐っているのを、覗き屋は少しも気がつかない様子でした）家へ飛んで帰って、一伍一什を母に告げました所、父も母も、何を云うのだ。,0.0,0.0
141,本文,お前は気でも違ったのじゃないかと申して、何と云っても取上げてくれません。おかしいじゃありませんか。,-3.236821413040161,-0.9836375117301941
142,本文,ハハハハハハ」老人は、そこで、さもさも滑稽だと云わぬばかりに笑い出した。そして、変なことには、私も亦、老人に同感して、一緒になって、ゲラゲラと笑ったのである。,0.5503548383712769,0.562205970287323
143,本文,「あの人たちは、人間は押絵なんぞになるものじゃないと思い込んでいたのですよ。でも押絵になった証拠には、その後兄の姿が、ふっつりと、この世から見えなくなってしまったじゃありませんか。,0.0,0.0
144,本文,それをも、あの人たちは、家出したのだなんぞと、まるで見当違いな当て推量をしているのですよ。おかしいですね。,-3.0595498085021973,-0.9667469263076782
145,本文,結局、私は何と云われても構わず、母にお金をねだって、とうとうその覗き絵を手に入れ、それを持って、箱根から鎌倉の方へ旅をしました。それはね、兄に新婚旅行がさせてやりたかったからですよ。,0.0,0.0
146,本文,こうして汽車に乗って居りますと、その時のことを思い出してなりません。やっぱり、今日の様に、この絵を窓に立てかけて、兄や兄の恋人に、外の景色を見せてやったのですからね。,0.0,0.0
147,本文,兄はどんなにか仕合せでございましたろう。娘の方でも、兄のこれ程の真心を、どうしていやに思いましょう。,-2.6788055896759033,-0.9678289294242859
148,本文,二人は本当の新婚者の様に、恥かし相に顔を赤らめながら、お互の肌と肌とを触れ合って、さもむつまじく、尽きぬ睦言を語り合ったものでございますよ。その後、父は東京の商売をたたみ、富山近くの故郷へ引込みましたので、それにつれて、私もずっとそこに住んで居りますが、あれからもう三十年の余になりますので、久々で兄にも変った東京が見せてやり度いと思いましてね、こうして兄と一緒に旅をしている訳でございますよ。,1.792051911354065,0.8491368889808655
149,本文,ところが、あなた、悲しいことには、娘の方は、いくら生きているとは云え、元々人の拵えたものですから、年をとるということがありませんけれど、兄の方は、押絵になっても、それは無理やりに形を変えたまでで、根が寿命のある人間のことですから、私達と同じ様に年をとって参ります。御覧下さいまし、二十五歳の美少年であった兄が、もうあの様に白髪になって、顔には醜い皺が寄ってしまいました。,-2.4576447010040283,-0.9390513896942139
150,本文,兄の身にとっては、どんなにか悲しいことでございましょう。相手の娘はいつまでも若くて美しいのに、自分ばかりが汚く老込んで行くのですもの。,-3.7416155338287354,-0.9927564263343811
151,本文,恐ろしいことです。兄は悲しげな顔をして居ります。,-3.6318917274475098,-0.9899420738220215
152,本文,数年以前から、いつもあんな苦し相な顔をして居ります。それを思うと、私は兄が気の毒で仕様がないのでございますよ」,-2.602635383605957,-0.9606430530548096
153,本文,老人は暗然として押絵の中の老人を見やっていたが、やがて、ふと気がついた様に、「アア、飛んだ長話を致しました。,0.0,0.0
154,本文,併し、あなたは分って下さいましたでしょうね。外の人達の様に、私を気違いだとはおっしゃいませんでしょうね。,-1.79184091091156,-0.8245582580566406
155,本文,アア、それで私も話甲斐があったと申すものですよ。どれ、兄さん達もくたびれたでしょう。,-1.6056084632873535,-0.8277902007102966
156,本文,それに、あなた方を前に置いて、あんな話をしましたので、さぞかし恥かしがっておいででしょう。では、今やすませて上げますよ」,-0.5606378316879272,-0.601019561290741
157,本文,と云いながら、押絵の額を、ソッと黒い風呂敷に包むのであった。その刹那、私の気のせいであったのか、押絵の人形達の顔が、少しくずれて、一寸恥かし相に、唇の隅で、私に挨拶の微笑を送った様に見えたのである。,0.0,0.0
158,本文,老人はそれきり黙り込んでしまった。私も黙っていた。,-1.4191210269927979,-0.7347926497459412
159,本文,汽車は相も変らず、ゴトンゴトンと鈍い音を立てて、闇の中を走っていた。十分ばかりそうしていると、車輪の音がのろくなって、窓の外にチラチラと、二つ三つの燈火が見え、汽車は、どことも知れぬ山間の小駅に停車した。,0.0,0.0
160,本文,駅員がたった一人、ぽっつりと、プラットフォームに立っているのが見えた。「ではお先へ、私は一晩ここの親戚へ泊りますので」,0.0,0.0
161,本文,老人は額の包みを抱てヒョイと立上り、そんな挨拶を残して、車の外へ出て行ったが、窓から見ていると、細長い老人の後姿は（それが何と押絵の老人そのままの姿であったか）簡略な柵の所で、駅員に切符を渡したかと見ると、そのまま、背後の闇の中へ溶け込む様に消えて行ったのである。,-0.9542034864425659,-0.535772979259491
